No.,Observed Passband,Photometry Measurement,Uncertainty,Units,Frequency,Flux Density,Upper limit of uncertainty,Lower limit of uncertainty,Upper limit of Flux Density,Lower limit of Flux Density,NED Uncertainty,NED Units,Refcode,Significance,Published frequency,Frequency Mode,Coordinates Targeted,Spatial Mode,Qualifiers,Comments
1,15-150 keV (Swift),6e-12,+/-4.0e-12,erg/cm^2^/s,1.99e+19,3.02e-08,2.01e-08,2.01e-08,,,+/-2.01E-08,Jy,2010A&A...524A..64C,uncertainty,82.50 keV,Broad-band measurement,206.066 +55.861 (J2000),Modelled datum,,From new raw data; NED frequency assigned to mid-point ofband in keV
2,10-50 keV (Suzaku),0.93,,log(erg/s/cm^2^),7.25e+18,1.17e-07,,,,,,Jy,2011ApJ...727...19F,no uncertainty reported,30.00 keV,Broad-band measurement,,Modelled datum,,From reprocessed raw data; NED frequency assigned tomid-point of band in keV
3,2-10 keV (Chandra),-12.28,+/-0.21,log(erg/cm^2^/s),1.45e+18,3.62e-08,7e-09,7e-09,,,+/-7.00E-09,Jy,2006A&A...460...45G,uncertainty,6   keV,Broad-band measurement,13 44 42.1 +55 53 13.1 (J2000),Flux integrated from map,From spectral fitting,From reprocessed raw data; NED frequency assigned tomid-point of band in keV
4,2-10 keV,6e-16,,W/m^2^,1.45e+18,4.14e-08,,,,,,Jy,2004A&A...418..465L,no uncertainty reported,6   keV,Broad-band measurement,,Flux integrated from map,Observed flux,Averaged from previously published data; NED frequencyassigned to mid-point of band in keV
5,2-10 keV,3.5e-15,,W/m^2^,1.45e+18,2.41e-07,,,,,,Jy,2004A&A...418..465L,no uncertainty reported,6   keV,Broad-band measurement,,Flux integrated from map,Intrinsic flux,Averaged from previously published data; Extinction-correctedfor Milky Way; NED frequency assigned to mid-point of band in keV
6,2-10 keV (ASCA),5.1e-13,,ergs/s/cm^2^,1.45e+18,3.52e-08,,,,,,Jy,2001ApJS..133....1U,no uncertainty reported,6.00 keV,Broad-band measurement,206.1679 +55.8856 (J2000),Flux integrated from map,,From reprocessed raw data; Extinction-corrected for MilkyWay; NED frequency assigned to mid-point of band in keV
7,2-10 keV (Suzaku),4.29e-13,+/-0.13E-13,erg/s/cm^2^,1.45e+18,2.96e-08,8.97e-10,8.97e-10,,,+/-8.97E-10,Jy,2009ApJ...691..261T,uncertainty,6.00 keV,Broad-band measurement,,Modelled datum,,From new raw data; NED frequency assigned to mid-point ofband in keV
8,2-10 keV (Chandra),5.37e-13,+/-0.29E-13,erg/s/cm^2^,1.45e+18,3.7e-08,2e-09,2e-09,,,+/-2.00E-09,Jy,2009A&A...506.1107G,uncertainty,6.00 keV,Broad-band measurement,13 44 42.11 +55 53 12.7 (J2000),Flux integrated from map,Observed flux,From new raw data; NED frequency assigned to mid-point ofband in keV
9,2-10 keV (XMM),3.89e-13,+/-0.85E-13,erg/s/cm^2^,1.45e+18,2.68e-08,5.86e-09,5.86e-09,,,+/-5.86E-09,Jy,2009A&A...506.1107G,uncertainty,6.00 keV,Broad-band measurement,13 44 42.11 +55 53 12.7 (J2000),Flux integrated from map,Observed flux,From new raw data; NED frequency assigned to mid-point ofband in keV
10,2-10 keV (XMM),3.7e-13,,erg/s/cm^2^,1.45e+18,2.55e-08,,,,,,Jy,2011MNRAS.413.1206B,no uncertainty reported,6.00 keV,Broad-band measurement,206.174 +55.887 (J2000),Modelled datum,,From reprocessed raw data; NED frequency assigned tomid-point of band in keV
11,2-7 keV (Chandra),4.2e-13,,erg/s/cm^2^,1.09e+18,3.85e-08,,,,,,Jy,2011A&A...529A.106I,no uncertainty reported,4.50 keV,Broad-band measurement,,Modelled datum,Core flux,From reprocessed raw data; NED frequency assigned tomid-point of band in keV
12,2-7 keV (Chandra),2.5e-15,,erg/s/cm^2^,1.09e+18,2.29e-10,,,,,,Jy,2011A&A...529A.106I,no uncertainty reported,4.50 keV,Broad-band measurement,,Modelled datum,Tail flux,From reprocessed raw data; NED frequency assigned tomid-point of band in keV
13,0.3-8 keV (Chandra),2.01e-13,,erg/cm^2^/s,1e+18,2.01e-08,,,,,,Jy,2016ApJS..224...40W,no uncertainty reported,4.15 keV,Broad-band measurement,,Flux integrated from map,Average flux,From reprocessed raw data; NED frequency assigned tomid-point of band in keV
14,0.7-7 keV (ASCA),3.9e-13,,ergs/s/cm^2^,9.31e+17,4.19e-08,,,,,,Jy,2001ApJS..133....1U,no uncertainty reported,3.85 keV,Broad-band measurement,206.1679 +55.8856 (J2000),Flux integrated from map,,From reprocessed raw data; Extinction-corrected for MilkyWay; NED frequency assigned to mid-point of band in keV
15,0.7-2 keV (ASCA),8e-14,,ergs/s/cm^2^,3.26e+17,2.45e-08,,,,,,Jy,2001ApJS..133....1U,no uncertainty reported,1.35 keV,Broad-band measurement,206.1679 +55.8856 (J2000),Flux integrated from map,,From reprocessed raw data; Extinction-corrected for MilkyWay; NED frequency assigned to mid-point of band in keV
16,0.2-2.4 keV (ROSAT),9.34,,nJy,3.15e+17,9.34e-09,,,,,,Jy,1996MNRAS.278.1049R,no uncertainty reported,1.3        keV,Broad-band measurement; synthetic band,134440.40 +555259.00 (J2000),Flux integrated from map,,Homogenized from previously published data
17,0.5-2 keV (Suzaku),1.17e-13,+/-0.10E-13,erg/s/cm^2^,3.02e+17,3.87e-08,3.31e-09,3.31e-09,,,+/-3.31E-09,Jy,2009ApJ...691..261T,uncertainty,1.25 keV,Broad-band measurement,,Modelled datum,,From new raw data; NED frequency assigned to mid-point ofband in keV
18,0.5-2 keV (Chandra),2.5e-14,+/-0.00E-13,erg/s/cm^2^,3.02e+17,8.28e-09,,,,,+/-...,Jy,2009A&A...506.1107G,uncertainty,1.25 keV,Broad-band measurement,13 44 42.11 +55 53 12.7 (J2000),Flux integrated from map,Observed flux,From new raw data; NED frequency assigned to mid-point ofband in keV
19,0.5-2 keV (XMM),9.3e-14,+/-0.58E-13,erg/s/cm^2^,3.02e+17,3.08e-08,1.92e-08,1.92e-08,,,+/-1.92E-08,Jy,2009A&A...506.1107G,uncertainty,1.25 keV,Broad-band measurement,13 44 42.11 +55 53 12.7 (J2000),Flux integrated from map,Observed flux,From new raw data; NED frequency assigned to mid-point ofband in keV
20,0.5-2 keV (Chandra),7.4e-14,,erg/s/cm^2^,3.02e+17,2.45e-08,,,,,,Jy,2011A&A...529A.106I,no uncertainty reported,1.25 keV,Broad-band measurement,,Modelled datum,Core flux,From reprocessed raw data; NED frequency assigned tomid-point of band in keV
21,0.5-2 keV (Chandra),1.7e-14,,erg/s/cm^2^,3.02e+17,5.63e-09,,,,,,Jy,2011A&A...529A.106I,no uncertainty reported,1.25 keV,Broad-band measurement,,Modelled datum,Tail flux,From reprocessed raw data; NED frequency assigned tomid-point of band in keV
22,FUV (GALEX) AB,18.34,+/-0.10,mag,1960000000000000.0,0.000168,1.55e-05,1.55e-05,,,+/-1.55E-05,Jy,2014ApJS..212...18B,uncertainty,1531   A,Broad-band measurement,206.17545000 55.88689000 (J2000),Flux in fixed aperture,"15""x85"" aperture; PSF corr",From new raw data; Extinction-corrected for Milky Way
23,FUV (GALEX) AB,18.41,+/-0.10,mag,1960000000000000.0,0.000157,1.44e-05,1.44e-05,,,+/-1.44E-05,Jy,2014ApJS..212...18B,uncertainty,1531   A,Broad-band measurement,206.17545000 55.88689000 (J2000),Flux in fixed aperture,"15""x85"" aperture; PSF corr",From new raw data
24,NUV (GALEX) AB,17.56,+/-0.10,mag,1310000000000000.0,0.000344,3.17e-05,3.17e-05,,,+/-3.17E-05,Jy,2014ApJS..212...18B,uncertainty,2286   A,Broad-band measurement,206.17545000 55.88689000 (J2000),Flux in fixed aperture,"15""x85"" aperture; PSF corr",From new raw data; Extinction-corrected for Milky Way
25,NUV (GALEX) AB,17.63,+/-0.10,mag,1310000000000000.0,0.000321,2.96e-05,2.96e-05,,,+/-2.96E-05,Jy,2014ApJS..212...18B,uncertainty,2286   A,Broad-band measurement,206.17545000 55.88689000 (J2000),Flux in fixed aperture,"15""x85"" aperture; PSF corr",From new raw data
26,u (SDSS) AB,15.84,+/-0.08,mag,844000000000000.0,0.00168,0.000122,0.000122,,,+/-1.22E-04,Jy,2014ApJS..212...18B,uncertainty,3551   A,Broad-band measurement,206.17545000 55.88689000 (J2000),Flux in fixed aperture,"15""x85"" aperture",From new raw data; Extinction-corrected for Milky Way
27,u (SDSS) AB,15.88,+/-0.08,mag,844000000000000.0,0.00162,0.000117,0.000117,,,+/-1.17E-04,Jy,2014ApJS..212...18B,uncertainty,3551   A,Broad-band measurement,206.17545000 55.88689000 (J2000),Flux in fixed aperture,"15""x85"" aperture",From new raw data
28,u (SDSS PSF) AB,18.684,+/-0.026,asinh mag,836000000000000.0,0.000127,2.97e-06,2.97e-06,,,+/-2.97E-06,Jy,2004SDSS3.C...0000:,based on count statistics only,3585       A,Broad-band measurement,206.175690 55.887104 (J2000),Modelled datum,SDSS flags: EDGE - object is too close to edge of frame; CHILD - object is part of a blended parent object; BAD_RADIAL - some low S/N radial points; NOTCHECKED - object contains pixels not checked for peaks; BINNED1 - detected at >=5 sigma in original imaging frame; BINNED_CENTER - image was binned while centroiding;,From new raw data
29,u (SDSS Model) AB,16.356,+/-0.009,asinh mag,836000000000000.0,0.00108,8.91e-06,8.91e-06,,,+/-8.91E-06,Jy,2004SDSS3.C...0000:,based on count statistics only,3585       A,Broad-band measurement,206.175690 55.887104 (J2000),Modelled datum,SDSS flags: EDGE - object is too close to edge of frame; CHILD - object is part of a blended parent object; BAD_RADIAL - some low S/N radial points; NOTCHECKED - object contains pixels not checked for peaks; BINNED1 - detected at >=5 sigma in original imaging frame; BINNED_CENTER - image was binned while centroiding;,From new raw data
30,u (SDSS CModel) AB,16.284,,asinh mag,836000000000000.0,0.00111,,,,,,Jy,2004SDSS3.C...0000:,no uncertainty reported,3585       A,Broad-band measurement,206.175690 55.887104 (J2000),Modelled datum,SDSS flags: EDGE - object is too close to edge of frame; CHILD - object is part of a blended parent object; BAD_RADIAL - some low S/N radial points; NOTCHECKED - object contains pixels not checked for peaks; BINNED1 - detected at >=5 sigma in original imaging frame; BINNED_CENTER - image was binned while centroiding;,From new raw data
31,u (SDSS Petrosian)AB,16.439,+/-0.019,asinh mag,836000000000000.0,0.001,1.72e-05,1.72e-05,,,+/-1.72E-05,Jy,2004SDSS3.C...0000:,based on count statistics only,3585       A,Broad-band measurement,206.175690 55.887104 (J2000),Modelled datum,"SDSS Petrosian Radius =    3.44"".         
SDSS flags: EDGE - object is too close to edge of frame; CHILD - object is part of a blended parent object; BAD_RADIAL - some low S/N radial points; NOTCHECKED - object contains pixels not checked for peaks; BINNED1 - detected at >=5 sigma in original imaging frame; BINNED_CENTER - image was binned while centroiding;",From new raw data
32,U (Total),15.1,+/-0.2,mag,819000000000000.0,0.00165,0.000334,0.000334,,,+/-3.34E-04,Jy,2000AJ....120..604S,rms uncertainty,3660       A,Broad-band measurement,134442.1 +555312.7 (J2000),Flux integrated from map,,From new raw data
33,[O II] 3727 (Bok),1.323e-13,+/-9.0E-15,erg s^-1^ cm^-2^,804000000000000.0,13200000000.0,900000000.0,900000000.0,,,+/-9.00E+08,Jy-Hz,2006ApJS..164...81M,uncertainty,3727   A,Line measurement; flux integrated over line; lines measured in emission,13 44 42.1 +55 53 13 (J2000),Flux integrated from map,,From new raw data; Extinction-corrected for Milky Way
34,H{delta} (Bok),1.38e-14,+/-1.40E-15,erg s^-1^ cm^-2^,731000000000000.0,1380000000.0,140000000.0,140000000.0,,,+/-1.40E+08,Jy-Hz,2006ApJS..164...81M,uncertainty,4101   A,Line measurement; flux integrated over line; lines measured in emission,13 44 42.1 +55 53 13 (J2000),Flux integrated from map,,From new raw data; Extinction-corrected for Milky Way
35,H{gamma} (Bok),1.76e-14,+/-1.40E-15,erg s^-1^ cm^-2^,691000000000000.0,1760000000.0,140000000.0,140000000.0,,,+/-1.40E+08,Jy-Hz,2006ApJS..164...81M,uncertainty,4340   A,Line measurement; flux integrated over line; lines measured in emission,13 44 42.1 +55 53 13 (J2000),Flux integrated from map,,From new raw data; Extinction-corrected for Milky Way
36,B (Total),14.7,+/-0.2,mag,681000000000000.0,0.00562,0.00114,0.00114,,,+/-1.14E-03,Jy,2000AJ....120..604S,rms uncertainty,4400       A,Broad-band measurement,134442.1 +555312.7 (J2000),Flux integrated from map,,From new raw data; Standard Johnson UBVRI filters assumed
37,m_p,15.0,+/-0.4,mag,681000000000000.0,0.00426,0.0019,0.0019,,,+/-1.90E-03,Jy,1966CGCG3.C...0000Z,rms noise,4400       A,Broad-band measurement,134248.0 +560800. (B1950),Estimated by eye,,From new raw data
38,B (UH),14.69,+/-0.07,mag,681000000000000.0,0.00567,0.000365,0.000365,,,+/-3.65E-04,Jy,2000ApJ...529..170S,uncertainty,4400   A,Broad-band measurement,13 44 42.1 +55 53 12.7 (J2000),Flux in fixed aperture,,From new raw data
39,B (UH),17.1,+/-0.1,mag,681000000000000.0,0.000616,5.67e-05,5.67e-05,,,+/-5.67E-05,Jy,2000ApJ...529..170S,uncertainty,4400   A,Broad-band measurement,13 44 42.1 +55 53 12.7 (J2000),Flux in fixed aperture,Nuclear mag,From new raw data
40,B (m_B),15.07,+/-0.19,mag,681000000000000.0,0.00399,0.000764,0.000764,,,+/-7.64E-04,Jy,1991RC3.9.C...0000d,rms uncertainty,4400       A,Broad-band measurement,134251.6 +56 813 (B1950),Multiple methods,,Homogenized from new and previously published data; StandardJohnson UBVRI filters assumed
41,B (m_B^0),14.05,,mag,681000000000000.0,0.0102,,,,,,Jy,1991RC3.9.C...0000d,no uncertainty reported,4400       A,Broad-band measurement,134251.6 +56 813 (B1950),Multiple methods,,Homogenized from new and previously published data;Extinction-corrected for internal and Milky Way and K-correction applied; Standard Johnson UBVRI filters assumed
42,J_pg,14.8,+/-0.3,mag,641000000000000.0,0.00475,0.00131,0.00131,,,+/-1.31E-03,Jy,2007ApJS..170...33P,estimated error,4680   A,Broad-band measurement,13 44 42. +55 53 12.2 (J2000),Flux in fixed aperture,Isophotal mag,From reprocessed raw data
43,g (SDSS) AB,14.67,+/-0.06,mag,640000000000000.0,0.00491,0.00029,0.00029,,,+/-2.90E-04,Jy,2014ApJS..212...18B,uncertainty,4681   A,Broad-band measurement,206.17545000 55.88689000 (J2000),Flux in fixed aperture,"15""x85"" aperture",From new raw data; Extinction-corrected for Milky Way
44,g (SDSS) AB,14.7,+/-0.06,mag,640000000000000.0,0.00477,0.000282,0.000282,,,+/-2.82E-04,Jy,2014ApJS..212...18B,uncertainty,4681   A,Broad-band measurement,206.17545000 55.88689000 (J2000),Flux in fixed aperture,"15""x85"" aperture",From new raw data
45,g (SDSS PSF) AB,17.533,+/-0.015,asinh mag,617000000000000.0,0.000352,4.83e-06,4.83e-06,,,+/-4.83E-06,Jy,2004SDSS3.C...0000:,based on count statistics only,4858       A,Broad-band measurement,206.175690 55.887104 (J2000),Modelled datum,SDSS flags: EDGE - object is too close to edge of frame; CHILD - object is part of a blended parent object; COSMIC_RAY - contains a cosmic ray pixel; BAD_RADIAL - some low S/N radial points; INTERP - object contains interpolated-over pixels; NOTCHECKED - object contains pixels not checked for peaks; BINNED1 - detected at >=5 sigma in original imaging frame; BINNED_CENTER - image was binned while centroiding; LOCAL_EDGE - per-band center is too near edge;,From new raw data
46,g (SDSS Model) AB,14.903,+/-0.002,asinh mag,617000000000000.0,0.00397,8.34e-06,8.34e-06,,,+/-8.34E-06,Jy,2004SDSS3.C...0000:,based on count statistics only,4858       A,Broad-band measurement,206.175690 55.887104 (J2000),Modelled datum,SDSS flags: EDGE - object is too close to edge of frame; CHILD - object is part of a blended parent object; COSMIC_RAY - contains a cosmic ray pixel; BAD_RADIAL - some low S/N radial points; INTERP - object contains interpolated-over pixels; NOTCHECKED - object contains pixels not checked for peaks; BINNED1 - detected at >=5 sigma in original imaging frame; BINNED_CENTER - image was binned while centroiding; LOCAL_EDGE - per-band center is too near edge;,From new raw data
47,g (SDSS CModel) AB,14.808,,asinh mag,617000000000000.0,0.00433,,,,,,Jy,2004SDSS3.C...0000:,no uncertainty reported,4858       A,Broad-band measurement,206.175690 55.887104 (J2000),Modelled datum,SDSS flags: EDGE - object is too close to edge of frame; CHILD - object is part of a blended parent object; COSMIC_RAY - contains a cosmic ray pixel; BAD_RADIAL - some low S/N radial points; INTERP - object contains interpolated-over pixels; NOTCHECKED - object contains pixels not checked for peaks; BINNED1 - detected at >=5 sigma in original imaging frame; BINNED_CENTER - image was binned while centroiding; LOCAL_EDGE - per-band center is too near edge;,From new raw data
48,H{beta} (Bok),4.19e-14,+/-2.00E-15,erg s^-1^ cm^-2^,617000000000000.0,4190000000.0,200000000.0,200000000.0,,,+/-2.00E+08,Jy-Hz,2006ApJS..164...81M,uncertainty,4861   A,Line measurement; flux integrated over line; lines measured in emission,13 44 42.1 +55 53 13 (J2000),Flux integrated from map,,From new raw data; Extinction-corrected for Milky Way
49,g (SDSS Petrosian)AB,14.813,+/-0.006,asinh mag,617000000000000.0,0.00431,2.23e-05,2.23e-05,,,+/-2.23E-05,Jy,2004SDSS3.C...0000:,based on count statistics only,4858       A,Broad-band measurement,206.175690 55.887104 (J2000),Modelled datum,"SDSS Petrosian Radius =    4.03"".         
SDSS flags: EDGE - object is too close to edge of frame; CHILD - object is part of a blended parent object; COSMIC_RAY - contains a cosmic ray pixel; BAD_RADIAL - some low S/N radial points; INTERP - object contains interpolated-over pixels; NOTCHECKED - object contains pixels not checked for peaks; BINNED1 - detected at >=5 sigma in original imaging frame; BINNED_CENTER - image was binned while centroiding; LOCAL_EDGE - per-band center is too near edge;",From new raw data
50,H{beta} (SDSS),8.18e-15,+/-0.33E-15,erg/s/cm^2^,617000000000000.0,818000000.0,33000000.0,33000000.0,,,+/-3.30E+07,Jy-Hz,2009ApJ...704..789H,uncertainty,4861 A,Line measurement; flux integrated over line; lines measured in emission,13 44 42.16 +55 53 13.5 (J2000),From fitting to map,,From reprocessed raw data
51,[O III] 5007 (Bok),2.132e-13,+/-8.70E-15,erg s^-1^ cm^-2^,599000000000000.0,21300000000.0,870000000.0,870000000.0,,,+/-8.70E+08,Jy-Hz,2006ApJS..164...81M,uncertainty,5007   A,Line measurement; flux integrated over line; lines measured in emission,13 44 42.1 +55 53 13 (J2000),Flux integrated from map,,From new raw data; Extinction-corrected for Milky Way
52,[O III] 5007 (SDSS),3.133e-14,+/-1.36E-15,erg/s/cm^2^,599000000000000.0,3130000000.0,136000000.0,136000000.0,,,+/-1.36E+08,Jy-Hz,2009ApJ...704..789H,uncertainty,5007 A,Line measurement; flux integrated over line; lines measured in emission,13 44 42.16 +55 53 13.5 (J2000),From fitting to map,,From reprocessed raw data
53,[O III] 5007,9.032e-12,,erg/s/cm^2^,599000000000000.0,903000000000.0,,,,,,Jy-Hz,2009ApJ...704.1570G,no uncertainty reported,5007 A,Line measurement; flux integrated over line; lines measured in emission,13 44 42.11 +55 53 12.7 (J2000),Not reported in paper,,Averaged from previously published data; Extinction-correctedfor Milky Way
54,r (SDSS) AB,14.11,+/-0.05,mag,486000000000000.0,0.00824,0.00038,0.00038,,,+/-3.80E-04,Jy,2014ApJS..212...18B,uncertainty,6165   A,Broad-band measurement,206.17545000 55.88689000 (J2000),Flux in fixed aperture,"15""x85"" aperture",From new raw data; Extinction-corrected for Milky Way
55,r (SDSS) AB,14.13,+/-0.05,mag,486000000000000.0,0.00808,0.000372,0.000372,,,+/-3.72E-04,Jy,2014ApJS..212...18B,uncertainty,6165   A,Broad-band measurement,206.17545000 55.88689000 (J2000),Flux in fixed aperture,"15""x85"" aperture",From new raw data
56,r_petro (SDSS) AB,14.24,,mag,479000000000000.0,0.00731,,,,,,Jy,2005ApJ...630..759M,no uncertainty reported,6261   A,Broad-band measurement,13 44 42.16 +55 53 13.5 (J2000),Flux in fixed aperture,,Averaged from previously published data
57,r (SDSS PSF) AB,16.946,+/-0.014,asinh mag,477000000000000.0,0.000605,7.76e-06,7.76e-06,,,+/-7.76E-06,Jy,2004SDSS3.C...0000:,based on count statistics only,6290       A,Broad-band measurement,206.175690 55.887104 (J2000),Modelled datum,SDSS flags: EDGE - object is too close to edge of frame; CHILD - object is part of a blended parent object; BAD_RADIAL - some low S/N radial points; INTERP - object contains interpolated-over pixels; NOTCHECKED - object contains pixels not checked for peaks; BINNED1 - detected at >=5 sigma in original imaging frame; BINNED_CENTER - image was binned while centroiding; CANONICAL_BAND - this band was primary (usually r);,From new raw data
58,r (SDSS Model) AB,14.265,+/-0.002,asinh mag,477000000000000.0,0.00715,1.4e-05,1.4e-05,,,+/-1.40E-05,Jy,2004SDSS3.C...0000:,based on count statistics only,6290       A,Broad-band measurement,206.175690 55.887104 (J2000),Modelled datum,"SDSS Effective Radius =   2.34"" x   1.13"".;SDSS flags: EDGE - object is too close to edge of frame; CHILD - object is part of a blended parent object; BAD_RADIAL - some low S/N radial points; INTERP - object contains interpolated-over pixels; NOTCHECKED - object contains pixels not checked for peaks; BINNED1 - detected at >=5 sigma in original imaging frame; BINNED_CENTER - image was binned while centroiding; CANONICAL_BAND - this band was primary (usually r);",From new raw data
59,r (SDSS CModel) AB,14.222,,asinh mag,477000000000000.0,0.00743,,,,,,Jy,2004SDSS3.C...0000:,no uncertainty reported,6290       A,Broad-band measurement,206.175690 55.887104 (J2000),Modelled datum,SDSS flags: EDGE - object is too close to edge of frame; CHILD - object is part of a blended parent object; BAD_RADIAL - some low S/N radial points; INTERP - object contains interpolated-over pixels; NOTCHECKED - object contains pixels not checked for peaks; BINNED1 - detected at >=5 sigma in original imaging frame; BINNED_CENTER - image was binned while centroiding; CANONICAL_BAND - this band was primary (usually r);,From new raw data
60,r (SDSS Petrosian)AB,14.25,+/-0.005,asinh mag,477000000000000.0,0.00725,3.07e-05,3.07e-05,,,+/-3.07E-05,Jy,2004SDSS3.C...0000:,based on count statistics only,6290       A,Broad-band measurement,206.175690 55.887104 (J2000),Modelled datum,"SDSS Petrosian Radius =    3.93"".         
SDSS flags: EDGE - object is too close to edge of frame; CHILD - object is part of a blended parent object; BAD_RADIAL - some low S/N radial points; INTERP - object contains interpolated-over pixels; NOTCHECKED - object contains pixels not checked for peaks; BINNED1 - detected at >=5 sigma in original imaging frame; BINNED_CENTER - image was binned while centroiding; CANONICAL_BAND - this band was primary (usually r);",From new raw data
61,[O I] 6300 (Bok),2.54e-14,+/-1.70E-15,erg s^-1^ cm^-2^,476000000000000.0,2540000000.0,170000000.0,170000000.0,,,+/-1.70E+08,Jy-Hz,2006ApJS..164...81M,uncertainty,6300   A,Line measurement; flux integrated over line; lines measured in emission,13 44 42.1 +55 53 13 (J2000),Flux integrated from map,,From new raw data; Extinction-corrected for Milky Way
62,[O I] 6300 (SDSS),1.057e-14,+/-0.18E-15,erg/s/cm^2^,476000000000000.0,1060000000.0,18000000.0,18000000.0,,,+/-1.80E+07,Jy-Hz,2009ApJ...704..789H,uncertainty,6300 A,Line measurement; flux integrated over line; lines measured in emission,13 44 42.16 +55 53 13.5 (J2000),From fitting to map,,From reprocessed raw data
63,F_pg,13.5,+/-0.3,mag,468000000000000.0,0.0123,0.00339,0.00339,,,+/-3.39E-03,Jy,2007ApJS..170...33P,estimated error,6400   A,Broad-band measurement,13 44 42. +55 53 12.2 (J2000),Flux in fixed aperture,Isophotal mag,From reprocessed raw data
64,H{alpha} (Bok),2.253e-13,+/-9.3E-15,erg s^-1^ cm^-2^,457000000000000.0,22500000000.0,930000000.0,930000000.0,,,+/-9.30E+08,Jy-Hz,2006ApJS..164...81M,uncertainty,6563   A,Line measurement; flux integrated over line; lines measured in emission,13 44 42.1 +55 53 13 (J2000),Flux integrated from map,,From new raw data; Extinction-corrected for Milky Way
65,H{alpha} (SDSS),8.206e-14,+/-0.62E-15,erg/s/cm^2^,457000000000000.0,8210000000.0,62000000.0,62000000.0,,,+/-6.20E+07,Jy-Hz,2009ApJ...704..789H,uncertainty,6563 A,Line measurement; flux integrated over line; lines measured in emission,13 44 42.16 +55 53 13.5 (J2000),From fitting to map,,From reprocessed raw data
66,[N II] 6584 (Bok),2.192e-13,+/-9.10E-15,erg s^-1^ cm^-2^,455000000000000.0,21900000000.0,910000000.0,910000000.0,,,+/-9.10E+08,Jy-Hz,2006ApJS..164...81M,uncertainty,6584   A,Line measurement; flux integrated over line; lines measured in emission,13 44 42.1 +55 53 13 (J2000),Flux integrated from map,,From new raw data; Extinction-corrected for Milky Way
67,[N II] 6583 (SDSS),8.751e-14,+/-0.56E-15,erg/s/cm^2^,455000000000000.0,8750000000.0,56000000.0,56000000.0,,,+/-5.60E+07,Jy-Hz,2009ApJ...704..789H,uncertainty,6583 A,Line measurement; flux integrated over line; lines measured in emission,13 44 42.16 +55 53 13.5 (J2000),From fitting to map,,From reprocessed raw data
68,[S II] 6724 (SDSS),4.947e-14,+/-0.35E-15,erg/s/cm^2^,446000000000000.0,4950000000.0,35000000.0,35000000.0,,,+/-3.50E+07,Jy-Hz,2009ApJ...704..789H,uncertainty,6724 A,Line measurement; flux integrated over line; lines measured in emission,13 44 42.16 +55 53 13.5 (J2000),From fitting to map,,From reprocessed raw data
69,i (SDSS) AB,13.78,+/-0.08,mag,401000000000000.0,0.0112,0.000817,0.000817,,,+/-8.17E-04,Jy,2014ApJS..212...18B,uncertainty,7480   A,Broad-band measurement,206.17545000 55.88689000 (J2000),Flux in fixed aperture,"15""x85"" aperture",From new raw data
70,i (SDSS) AB,13.76,+/-0.08,mag,401000000000000.0,0.0114,0.00083,0.00083,,,+/-8.30E-04,Jy,2014ApJS..212...18B,uncertainty,7480   A,Broad-band measurement,206.17545000 55.88689000 (J2000),Flux in fixed aperture,"15""x85"" aperture",From new raw data; Extinction-corrected for Milky Way
71,i (SDSS PSF) AB,16.497,+/-0.010,asinh mag,389000000000000.0,0.000915,8.76e-06,8.76e-06,,,+/-8.76E-06,Jy,2004SDSS3.C...0000:,based on count statistics only,7706       A,Broad-band measurement,206.175690 55.887104 (J2000),Modelled datum,SDSS flags: EDGE - object is too close to edge of frame; CHILD - object is part of a blended parent object; BAD_RADIAL - some low S/N radial points; NOTCHECKED - object contains pixels not checked for peaks; BINNED1 - detected at >=5 sigma in original imaging frame; BINNED_CENTER - image was binned while centroiding;,From new raw data
72,i (SDSS Model) AB,13.841,+/-0.002,asinh mag,389000000000000.0,0.0106,2.04e-05,2.04e-05,,,+/-2.04E-05,Jy,2004SDSS3.C...0000:,based on count statistics only,7706       A,Broad-band measurement,206.175690 55.887104 (J2000),Modelled datum,SDSS flags: EDGE - object is too close to edge of frame; CHILD - object is part of a blended parent object; BAD_RADIAL - some low S/N radial points; NOTCHECKED - object contains pixels not checked for peaks; BINNED1 - detected at >=5 sigma in original imaging frame; BINNED_CENTER - image was binned while centroiding;,From new raw data
73,i (SDSS CModel) AB,13.862,,asinh mag,389000000000000.0,0.0104,,,,,,Jy,2004SDSS3.C...0000:,no uncertainty reported,7706       A,Broad-band measurement,206.175690 55.887104 (J2000),Modelled datum,SDSS flags: EDGE - object is too close to edge of frame; CHILD - object is part of a blended parent object; BAD_RADIAL - some low S/N radial points; NOTCHECKED - object contains pixels not checked for peaks; BINNED1 - detected at >=5 sigma in original imaging frame; BINNED_CENTER - image was binned while centroiding;,From new raw data
74,i (SDSS Petrosian)AB,13.861,+/-0.004,asinh mag,389000000000000.0,0.0229,7.67e-05,7.67e-05,,,+/-7.67E-05,Jy,2004SDSS3.C...0000:,based on count statistics only,7706       A,Broad-band measurement,206.175690 55.887104 (J2000),Modelled datum,"SDSS Petrosian Radius =    3.67"".         
SDSS flags: EDGE - object is too close to edge of frame; CHILD - object is part of a blended parent object; BAD_RADIAL - some low S/N radial points; NOTCHECKED - object contains pixels not checked for peaks; BINNED1 - detected at >=5 sigma in original imaging frame; BINNED_CENTER - image was binned while centroiding;",From new raw data
75,I (UH),13.16,+/-0.07,mag,379000000000000.0,0.0139,0.000895,0.000895,,,+/-8.95E-04,Jy,2000ApJ...529..170S,uncertainty,7900   A,Broad-band measurement,13 44 42.1 +55 53 12.7 (J2000),Flux in fixed aperture,,From new raw data
76,I (UH),15.3,+/-0.1,mag,379000000000000.0,0.00193,0.000178,0.000178,,,+/-1.78E-04,Jy,2000ApJ...529..170S,uncertainty,7900   A,Broad-band measurement,13 44 42.1 +55 53 12.7 (J2000),Flux in fixed aperture,Nuclear mag,From new raw data
77,z (SDSS) AB,13.45,+/-0.05,mag,336000000000000.0,0.0152,0.000699,0.000699,,,+/-6.99E-04,Jy,2014ApJS..212...18B,uncertainty,8931   A,Broad-band measurement,206.17545000 55.88689000 (J2000),Flux in fixed aperture,"15""x85"" aperture",From new raw data; Extinction-corrected for Milky Way
78,z (SDSS) AB,13.46,+/-0.05,mag,336000000000000.0,0.015,0.000691,0.000691,,,+/-6.91E-04,Jy,2014ApJS..212...18B,uncertainty,8931   A,Broad-band measurement,206.17545000 55.88689000 (J2000),Flux in fixed aperture,"15""x85"" aperture",From new raw data
79,z (SDSS Model) AB,13.56,+/-0.003,asinh mag,325000000000000.0,0.0134,4.09e-05,4.09e-05,,,+/-4.09E-05,Jy,2004SDSS3.C...0000:,based on count statistics only,9222       A,Broad-band measurement,206.175690 55.887104 (J2000),Modelled datum,SDSS flags: EDGE - object is too close to edge of frame; CHILD - object is part of a blended parent object; BAD_RADIAL - some low S/N radial points; NOTCHECKED - object contains pixels not checked for peaks; BINNED1 - detected at >=5 sigma in original imaging frame; BINNED_CENTER - image was binned while centroiding;,From new raw data
80,z (SDSS CModel) AB,13.48,,asinh mag,325000000000000.0,0.0147,,,,,,Jy,2004SDSS3.C...0000:,no uncertainty reported,9222       A,Broad-band measurement,206.175690 55.887104 (J2000),Modelled datum,SDSS flags: EDGE - object is too close to edge of frame; CHILD - object is part of a blended parent object; BAD_RADIAL - some low S/N radial points; NOTCHECKED - object contains pixels not checked for peaks; BINNED1 - detected at >=5 sigma in original imaging frame; BINNED_CENTER - image was binned while centroiding;,From new raw data
81,z (SDSS PSF) AB,16.115,+/-0.018,asinh mag,325000000000000.0,0.00128,2.14e-05,2.14e-05,,,+/-2.14E-05,Jy,2004SDSS3.C...0000:,based on count statistics only,9222       A,Broad-band measurement,206.175690 55.887104 (J2000),Modelled datum,SDSS flags: EDGE - object is too close to edge of frame; CHILD - object is part of a blended parent object; BAD_RADIAL - some low S/N radial points; NOTCHECKED - object contains pixels not checked for peaks; BINNED1 - detected at >=5 sigma in original imaging frame; BINNED_CENTER - image was binned while centroiding;,From new raw data
82,z (SDSS Petrosian)AB,13.619,+/-0.005,asinh mag,325000000000000.0,0.0127,6.19e-05,6.19e-05,,,+/-6.19E-05,Jy,2004SDSS3.C...0000:,based on count statistics only,9222       A,Broad-band measurement,206.175690 55.887104 (J2000),Modelled datum,"SDSS Petrosian Radius =    3.41"".         
SDSS flags: EDGE - object is too close to edge of frame; CHILD - object is part of a blended parent object; BAD_RADIAL - some low S/N radial points; NOTCHECKED - object contains pixels not checked for peaks; BINNED1 - detected at >=5 sigma in original imaging frame; BINNED_CENTER - image was binned while centroiding;",From new raw data
83,J (2MASS) AB,13.0,+/-0.05,mag,243000000000000.0,0.023,0.00106,0.00106,,,+/-1.06E-03,Jy,2014ApJS..212...18B,uncertainty,12320   A,Broad-band measurement,206.17545000 55.88689000 (J2000),Flux in fixed aperture,"15""x85"" aperture",From new raw data; Extinction-corrected for Milky Way
84,J (2MASS) AB,13.0,+/-0.05,mag,243000000000000.0,0.0228,0.00105,0.00105,,,+/-1.05E-03,Jy,2014ApJS..212...18B,uncertainty,12320   A,Broad-band measurement,206.17545000 55.88689000 (J2000),Flux in fixed aperture,"15""x85"" aperture",From new raw data
85,J,12.181,+/-0.026,mag,240000000000000.0,0.0214,0.000518,0.000518,,,+/-5.18E-04,Jy,20032MASX.C.......:,1 sigma uncert.,1.25      microns,Broad-band measurement,134442.08 +555313.1 (J2000),Flux in fixed aperture,,From new raw data
86,J,12.278,+/-0.022,mag,240000000000000.0,0.0195,0.0004,0.0004,,,+/-4.00E-04,Jy,20032MASX.C.......:,1 sigma uncert.,1.25      microns,Broad-band measurement,134442.08 +555313.1 (J2000),Flux in fixed aperture,29.0 x   16.8 arcsec integration area.,From new raw data
87,J_14arcsec (2MASS),12.486,+/-0.011,mag,240000000000000.0,0.0161,0.000164,0.000164,,,+/-1.64E-04,Jy,20032MASX.C.......:,1 sigma uncert.,1.25      microns,Broad-band measurement,134442.08 +555313.1 (J2000),Flux in fixed aperture,14.0 x 14.0 arcsec aperture.,From new raw data
88,1.25 microns,0.015,+/-10  %,Jy,240000000000000.0,0.0145,0.0014,0.0014,,,+/-1.40E-03,Jy,1978ApJ...226..550R,uncertainty,1.25    microns,Broad-band measurement,,Flux in fixed aperture,"8.5"" aperture",From new raw data
89,F_H (total),1.78,+/-1.19,log milliJy,184000000000000.0,0.0603,0.0156,0.0156,,,+/-1.56E-02,Jy,1995ApJ...453..616S,1 sigma,1.634      microns,Broad-band measurement,,Corrected to total flux from single aperture measurement,,Homogenized from new and previously published data
90,1.6 microns,0.015,+/-10  %,Jy,184000000000000.0,0.015,0.0015,0.0015,,,+/-1.50E-03,Jy,1978ApJ...226..550R,uncertainty,1.63    microns,Broad-band measurement,,Flux in fixed aperture,"8.5"" aperture",From new raw data
91,H,11.417,+/-0.031,mag,182000000000000.0,0.0278,0.000804,0.000804,,,+/-8.04E-04,Jy,20032MASX.C.......:,1 sigma uncert.,1.65      microns,Broad-band measurement,134442.08 +555313.1 (J2000),Flux in fixed aperture,,From new raw data
92,H,11.517,+/-0.029,mag,182000000000000.0,0.0253,0.000685,0.000685,,,+/-6.85E-04,Jy,20032MASX.C.......:,1 sigma uncert.,1.65      microns,Broad-band measurement,134442.08 +555313.1 (J2000),Flux in fixed aperture,29.0 x   16.8 arcsec integration area.,From new raw data
93,H_14arcsec (2MASS),11.686,+/-0.013,mag,182000000000000.0,0.0217,0.000261,0.000261,,,+/-2.61E-04,Jy,20032MASX.C.......:,1 sigma uncert.,1.65      microns,Broad-band measurement,134442.08 +555313.1 (J2000),Flux in fixed aperture,14.0 x 14.0 arcsec aperture.,From new raw data
94,H (2MASS) AB,12.76,+/-0.05,mag,182000000000000.0,0.0287,0.00132,0.00132,,,+/-1.32E-03,Jy,2014ApJS..212...18B,uncertainty,16440   A,Broad-band measurement,206.17545000 55.88689000 (J2000),Flux in fixed aperture,"15""x85"" aperture",From new raw data
95,H (2MASS) AB,12.75,+/-0.05,mag,182000000000000.0,0.0288,0.00133,0.00133,,,+/-1.33E-03,Jy,2014ApJS..212...18B,uncertainty,16440   A,Broad-band measurement,206.17545000 55.88689000 (J2000),Flux in fixed aperture,"15""x85"" aperture",From new raw data; Extinction-corrected for Milky Way
96,Ks (2MASS) AB,12.69,+/-0.05,mag,139000000000000.0,0.0306,0.00141,0.00141,,,+/-1.41E-03,Jy,2014ApJS..212...18B,uncertainty,21590   A,Broad-band measurement,206.17545000 55.88689000 (J2000),Flux in fixed aperture,"15""x85"" aperture",From new raw data
97,Ks (2MASS) AB,12.68,+/-0.05,mag,139000000000000.0,0.0307,0.00141,0.00141,,,+/-1.41E-03,Jy,2014ApJS..212...18B,uncertainty,21590   A,Broad-band measurement,206.17545000 55.88689000 (J2000),Flux in fixed aperture,"15""x85"" aperture",From new raw data; Extinction-corrected for Milky Way
98,K_s_14arcsec (2MASS),11.11,+/-0.012,mag,138000000000000.0,0.024,0.000267,0.000267,,,+/-2.67E-04,Jy,20032MASX.C.......:,1 sigma uncert.,2.17      microns,Broad-band measurement,134442.08 +555313.1 (J2000),Flux in fixed aperture,14.0 x 14.0 arcsec aperture.,From new raw data
99,K_s,10.891,+/-0.029,mag,138000000000000.0,0.0293,0.000794,0.000794,,,+/-7.94E-04,Jy,20032MASX.C.......:,1 sigma uncert.,2.17      microns,Broad-band measurement,134442.08 +555313.1 (J2000),Flux in fixed aperture,,From new raw data
100,K_s,10.944,+/-0.032,mag,138000000000000.0,0.028,0.000836,0.000836,,,+/-8.36E-04,Jy,20032MASX.C.......:,1 sigma uncert.,2.17      microns,Broad-band measurement,134442.08 +555313.1 (J2000),Flux in fixed aperture,29.0 x   16.8 arcsec integration area.,From new raw data
101,F_K (total),1.79,+/-1.20,log milliJy,137000000000000.0,0.0617,0.016,0.016,,,+/-1.60E-02,Jy,1995ApJ...453..616S,1 sigma,2.194      microns,Broad-band measurement,,Corrected to total flux from single aperture measurement,,Homogenized from new and previously published data
102,2.2 microns,0.019,+/-10  %,Jy,135000000000000.0,0.019,0.0019,0.0019,,,+/-1.90E-03,Jy,1978ApJ...226..550R,uncertainty,2.22    microns,Broad-band measurement,,Flux in fixed aperture,"8.5"" aperture",From new raw data
103,Br{beta} (AKARI),4.2e-14,,erg/s/cm^2^,114000000000000.0,4200000000.0,,,,,,Jy-Hz,2010ApJ...721.1233I,no uncertainty reported,2.63 microns,Line measurement; flux integrated over line; lines measured in emission,,Flux integrated from map,,From new raw data
104,3.3 microns (Subaru),1.4e-13,+/-40  %,erg s^-1^ cm^-2^,91100000000000.0,14000000000.0,5600000000.0,5600000000.0,,,+/-5.60E+09,Jy-Hz,2006ApJ...637..114I,estimated error,3.29   microns,Line measurement; flux integrated over line; lines measured in emission,,Flux integrated from map,,From new raw data
105,3.3 PAH (AKARI),2.48e-13,,erg/s/cm^2^,90800000000000.0,24800000000000.0,,,,,,Jy-Hz,2010ApJ...721.1233I,no uncertainty reported,3.3 microns,Line measurement; flux integrated over line; lines measured in emission,,Flux integrated from map,,From new raw data
106,PAH 3.3 micron AKARI,2.69e-16,+/-0.12E-16,W/m^2^,90800000000000.0,26900000000.0,1200000000.0,1200000000.0,,,+/-1.20E+09,Jy-Hz,2018A&A...617A.130I,uncertainty,3.3 microns,Line measurement; flux integrated over line; lines measured in emission,206.176010 +55.886993 (J2000),From fitting to map,,From new raw data
107,W1 (WISE),10.397,+/-0.022,mag,89500000000000.0,0.0215,0.000435,0.000435,,,+/-4.35E-04,Jy,2014A&A...570A.110Z,uncertainty,3.35 microns,Broad-band measurement,13 44 42.08 +55 53 13.0 (J2000),From fitting to map,,Averaged from previously published data
108,3.4 microns WISE AB,12.97,+/-0.10,mag,89300000000000.0,0.0236,0.00218,0.00218,,,+/-2.18E-03,Jy,2014ApJS..212...18B,uncertainty,33570   A,Broad-band measurement,206.17545000 55.88689000 (J2000),Flux in fixed aperture,"15""x85"" aperture; PSF corr",From new raw data; Extinction-corrected for Milky Way
109,3.4 microns WISE AB,12.97,+/-0.10,mag,89300000000000.0,0.0236,0.00217,0.00217,,,+/-2.17E-03,Jy,2014ApJS..212...18B,uncertainty,33570   A,Broad-band measurement,206.17545000 55.88689000 (J2000),Flux in fixed aperture,"15""x85"" aperture; PSF corr",From new raw data
110,3.6 microns IRAC AB,12.82,+/-0.10,mag,84600000000000.0,0.027,0.00249,0.00249,,,+/-2.49E-03,Jy,2014ApJS..212...18B,uncertainty,35440   A,Broad-band measurement,206.17545000 55.88689000 (J2000),Flux in fixed aperture,"15""x85"" aperture",From new raw data; Extinction-corrected for Milky Way
111,3.6 microns IRAC AB,12.82,+/-0.10,mag,84600000000000.0,0.027,0.00248,0.00248,,,+/-2.48E-03,Jy,2014ApJS..212...18B,uncertainty,35440   A,Broad-band measurement,206.17545000 55.88689000 (J2000),Flux in fixed aperture,"15""x85"" aperture",From new raw data
112,3.6 microns,0.019,+/-0.002,Jy,83300000000000.0,0.019,0.002,0.002,,,+/-2.00E-03,Jy,1978ApJ...226..550R,uncertainty,3.6     microns,Broad-band measurement,,Flux in fixed aperture,"8.5"" aperture",From new raw data
113,Br{alpha} (AKARI),4.4e-14,,erg/s/cm^2^,74000000000000.0,4400000000.0,,,,,,Jy-Hz,2010ApJ...721.1233I,no uncertainty reported,4.05 microns,Line measurement; flux integrated over line; lines measured in emission,,Flux integrated from map,,From new raw data
114,Br{alpha} (AKARI),4.1e-17,+/-0.07E-16,W/m^2^,74000000000000.0,4100000000.0,700000000.0,700000000.0,,,+/-7.00E+08,Jy-Hz,2018A&A...617A.130I,uncertainty,4.05 microns,Line measurement; flux integrated over line; lines measured in emission,206.176010 +55.886993 (J2000),From fitting to map,,From new raw data
115,4.5 microns IRAC AB,12.45,+/-0.10,mag,66800000000000.0,0.0379,0.00349,0.00349,,,+/-3.49E-03,Jy,2014ApJS..212...18B,uncertainty,44870   A,Broad-band measurement,206.17545000 55.88689000 (J2000),Flux in fixed aperture,"15""x85"" aperture",From new raw data; Extinction-corrected for Milky Way
116,4.5 microns IRAC AB,12.46,+/-0.10,mag,66800000000000.0,0.0378,0.00348,0.00348,,,+/-3.48E-03,Jy,2014ApJS..212...18B,uncertainty,44870   A,Broad-band measurement,206.17545000 55.88689000 (J2000),Flux in fixed aperture,"15""x85"" aperture",From new raw data
117,W2 (WISE),9.223,+/-0.020,mag,65200000000000.0,0.0351,0.000647,0.000647,,,+/-6.47E-04,Jy,2014A&A...570A.110Z,uncertainty,4.6 microns,Broad-band measurement,13 44 42.08 +55 53 13.0 (J2000),From fitting to map,,Averaged from previously published data
118,4.6 microns WISE AB,12.49,+/-0.10,mag,65100000000000.0,0.0366,0.00337,0.00337,,,+/-3.37E-03,Jy,2014ApJS..212...18B,uncertainty,46060   A,Broad-band measurement,206.17545000 55.88689000 (J2000),Flux in fixed aperture,"15""x85"" aperture; PSF corr",From new raw data; Extinction-corrected for Milky Way
119,4.6 microns WISE AB,12.49,+/-0.10,mag,65100000000000.0,0.0366,0.00337,0.00337,,,+/-3.37E-03,Jy,2014ApJS..212...18B,uncertainty,46060   A,Broad-band measurement,206.17545000 55.88689000 (J2000),Flux in fixed aperture,"15""x85"" aperture; PSF corr",From new raw data
120,H_2S(7) (Spitzer),2.762e-13,+/-0.352E-13,erg/s/cm^2^,54500000000000.0,27600000000.0,3520000000.0,3520000000.0,,,+/-3.52E+09,Jy-Hz,2014ApJ...790..124S,uncertainty,5.5 microns,Line measurement; flux integrated over line; lines measured in emission,,From fitting to map,,From new raw data
121,H_2 S(7) line (IRS),,<15.0E-20,W cm^-2^,54400000000000.0,,,,150000000000.0,,<1.50E+11,Jy-Hz,2006ApJ...648..323H,no uncertainty reported,5.51   microns,Line measurement; flux integrated over line; lines measured in emission,13 44 42.12 +55 53 13.10 (J2000),Flux integrated from map,,From new raw data
122,5.8 microns IRAC AB,11.65,+/-0.10,mag,52500000000000.0,0.0794,0.00731,0.00731,,,+/-7.31E-03,Jy,2014ApJS..212...18B,uncertainty,57100   A,Broad-band measurement,206.17545000 55.88689000 (J2000),Flux in fixed aperture,"15""x85"" aperture",From new raw data
123,5.8 microns IRAC AB,11.65,+/-0.10,mag,52500000000000.0,0.0794,0.00732,0.00732,,,+/-7.32E-03,Jy,2014ApJS..212...18B,uncertainty,57100   A,Broad-band measurement,206.17545000 55.88689000 (J2000),Flux in fixed aperture,"15""x85"" aperture",From new raw data; Extinction-corrected for Milky Way
124,6 microns (ISO),0.0725,,Jy,50000000000000.0,0.0725,,,,,,Jy,2004A&A...418..465L,no uncertainty reported,6   microns,Broad-band measurement,,Flux integrated from map,,From reprocessed raw data
125,6 microns (Spitzer),69.6,,milliJy,50000000000000.0,0.0696,,,,,,Jy,2009ApJS..182..628V,no uncertainty reported,6 microns,Broad-band measurement,,Flux integrated from map,From IRS spectra with 3.3% bandpass,From new raw data
126,H_2S(6) (Spitzer),,<1.540E-13,erg/s/cm^2^,49100000000000.0,,,,15400000000.0,,<1.54E+10,Jy-Hz,2014ApJ...790..124S,3 sigma,6.1 microns,Line measurement; flux integrated over line; lines measured in emission,,From fitting to map,,From new raw data
127,PAH 6.2 (Spitzer),1.3e-19,+/-0.2E-20,W/cm^2^,48400000000000.0,130000000.0,2000000.0,2000000.0,,,+/-2.00E+06,Jy-Hz,2009ApJ...701..658W,uncertainty,6.2 microns,Line measurement; flux integrated over line; lines measured in emission,13 44 42.1 +55 53 13 (J2000),Flux in fixed aperture,,From reprocessed raw data
128,PAH 6.2 (Spitzer),7.52e-20,,W/cm^2^,48400000000000.0,75200000000.0,,,,,,Jy-Hz,2011ApJ...730...19S,no uncertainty reported,6.2 microns,Line measurement; flux integrated over line; lines measured in emission,13 44 42.12 +55 53 13.1 (J2000),Total flux,,From reprocessed raw data
129,PAH 6.2 (IRS),1.49e-12,+/-22E-14,ergs cm^-2^ s^-1^,48400000000000.0,149000000000.0,22000000000.0,22000000000.0,,,+/-2.20E+10,Jy-Hz,2007ApJ...656..148A,uncertainty,6.2   microns,Line measurement; flux integrated over line; lines measured in emission,,Flux in fixed aperture,,From new raw data
130,6.2 microns Spitzer,3.076e-12,+/-0.078E-12,erg/s/cm^2^,48400000000000.0,0.00636,0.000161,0.000161,,,+/-1.61E-04,Jy,2014ApJ...790..124S,uncertainty,6.2 microns,Broad-band measurement,,From fitting to map,,From new raw data
131,H_2S(5) (Spitzer),1.524e-13,+/-0.259E-13,erg/s/cm^2^,43400000000000.0,15200000000.0,2590000000.0,2590000000.0,,,+/-2.59E+09,Jy-Hz,2014ApJ...790..124S,uncertainty,6.9 microns,Line measurement; flux integrated over line; lines measured in emission,,From fitting to map,,From new raw data
132,7.7 microns Spitzer,337.2,,milliJy,38900000000000.0,0.337,,,,,,Jy,2011ApJ...730...19S,no uncertainty reported,7.7 microns,Broad-band measurement,13 44 42.12 +55 53 13.1 (J2000),Flux integrated from map,,From reprocessed raw data
133,7.7 microns Spitzer,1.4243e-11,+/-0.821E-12,erg/s/cm^2^,38900000000000.0,0.0366,0.00211,0.00211,,,+/-2.11E-03,Jy,2014ApJ...790..124S,uncertainty,7.7 microns,Broad-band measurement,,From fitting to map,,From new raw data
134,8.0 microns IRAC AB,10.74,+/-0.10,mag,38200000000000.0,0.183,0.0169,0.0169,,,+/-1.69E-02,Jy,2014ApJS..212...18B,uncertainty,78410   A,Broad-band measurement,206.17545000 55.88689000 (J2000),Flux in fixed aperture,"15""x85"" aperture",From new raw data; Extinction-corrected for Milky Way
135,8.0 microns IRAC AB,10.74,+/-0.10,mag,38200000000000.0,0.183,0.0169,0.0169,,,+/-1.69E-02,Jy,2014ApJS..212...18B,uncertainty,78410   A,Broad-band measurement,206.17545000 55.88689000 (J2000),Flux in fixed aperture,"15""x85"" aperture",From new raw data
136,8 microns (Spitzer),287.0,+/-5   %,milliJy,37500000000000.0,0.287,0.0144,0.0144,,,+/-1.44E-02,Jy,2009ApJ...698.1682W,typical accuracy,8 microns,Broad-band measurement,13 44 42.10 +55 53 12.7 (J2000),Peak flux,,From reprocessed raw data
137,H_2S(4) (Spitzer),3.197e-13,+/-0.721E-13,erg/s/cm^2^,37500000000000.0,32000000000.0,7210000000.0,7210000000.0,,,+/-7.21E+09,Jy-Hz,2014ApJ...790..124S,uncertainty,8.0 microns,Line measurement; flux integrated over line; lines measured in emission,,From fitting to map,,From new raw data
138,H_2 S(3) line (IRS),1.04e-20,+/-0.09E-20,W cm^-2^,31000000000000.0,10400000000.0,900000000.0,900000000.0,,,+/-9.00E+08,Jy-Hz,2006ApJ...648..323H,uncertainty,9.67   microns,Line measurement; flux integrated over line; lines measured in emission,13 44 42.12 +55 53 13.10 (J2000),Flux integrated from map,,From new raw data
139,H_2 S(3) line (IRS),1.17e-13,+/-0.67E-14,ergs cm^-2^ s^-1^,31000000000000.0,11700000000.0,670000000.0,670000000.0,,,+/-6.70E+08,Jy-Hz,2007ApJ...656..148A,uncertainty,9.665   microns,Line measurement; flux integrated over line; lines measured in emission,,Flux in fixed aperture,,From new raw data
140,H_2S(3) (Spitzer),1e-16,+/-7E-18,W/m^2^,31000000000000.0,10000000000.0,700000000.0,700000000.0,,,+/-7.00E+08,Jy-Hz,2018AJ....156..295P,rms uncertainty,9.665 microns,Line measurement; flux integrated over line; lines measured in emission,206.17550 +55.887 (J2000),From fitting to map,,From reprocessed raw data
141,H_2S(3) (Spitzer),3.404e-13,+/-0.292E-13,erg/s/cm^2^,30900000000000.0,34000000000.0,2920000000.0,2920000000.0,,,+/-2.92E+09,Jy-Hz,2014ApJ...790..124S,uncertainty,9.7 microns,Line measurement; flux integrated over line; lines measured in emission,,From fitting to map,,From new raw data
142,N (UKIRT),97.5,+/-12.0,milliJy,30000000000000.0,0.0975,0.012,0.012,,,+/-1.20E-02,Jy,1985ApJ...291..117L,uncertainty,10.0 microns,Broad-band measurement,,Flux in fixed aperture,"Aperture = 6""",From new raw data
143,10 microns (ISO),0.1,+/-30  %,Jy,30000000000000.0,0.1,0.03,0.03,,,+/-3.00E-02,Jy,2001A&A...379..823K,uncertainty,10         microns,Broad-band measurement,,Flux in fixed aperture,"Aperture 52""",From new raw data
144,[S IV] 10.51 (IRS),7.69e-21,,W/cm^2^,28500000000000.0,7690000000.0,,,,,,Jy-Hz,2011ApJS..193...18W,no uncertainty reported,10.511 microns,Line measurement; flux integrated over line; lines measured in emission,13 44 42.1 +55 53 13 (J2000),Flux integrated from map,,From new raw data
145,[S IV] 10.51 (IRS),1.017e-16,+/-2.3E-18,W/m^2^,28500000000000.0,10200000000.0,230000000.0,230000000.0,,,+/-2.30E+08,Jy-Hz,2011ApJ...740...94D,uncertainty,10.51 microns,Line measurement; flux integrated over line; lines measured in emission,,Flux integrated from map,,From reprocessed raw data
146,[S IV] line (IRS),1.266e-13,+/-1.27E-14,ergs cm^-2^ s^-1^,28500000000000.0,12700000000.0,1270000000.0,1270000000.0,,,+/-1.27E+09,Jy-Hz,2007ApJ...656..148A,uncertainty,10.511   microns,Line measurement; flux integrated over line; lines measured in emission,,Flux in fixed aperture,,From new raw data
147,10.6 microns,0.098,+/-0.023,Jy,28300000000000.0,0.098,0.023,0.023,,,+/-2.30E-02,Jy,1978ApJ...226..550R,uncertainty,10.6     microns,Broad-band measurement,,Flux in fixed aperture,"5.7"" aperture",From new raw data
148,10.8 microns MIRLIN,79.0,+/-11,milliJy,27800000000000.0,0.079,0.011,0.011,,,+/-1.10E-02,Jy,2004ApJ...605..156G,statistical error,10.8   microns,Broad-band measurement,,Flux in fixed aperture,"1.5"" diam aperture",From new raw data
149,PAH 11.2 (Spitzer),8.35e-20,+/-0.12E-20,W/cm^2^,26800000000000.0,83500000.0,1200000.0,1200000.0,,,+/-1.20E+06,Jy-Hz,2009ApJ...701..658W,uncertainty,11.2 microns,Line measurement; flux integrated over line; lines measured in emission,13 44 42.1 +55 53 13 (J2000),Flux in fixed aperture,,From reprocessed raw data
150,PAH 11.3 (IRS),7.926e-13,+/-5.55E-14,ergs cm^-2^ s^-1^,26500000000000.0,79300000000.0,5550000000.0,5550000000.0,,,+/-5.55E+09,Jy-Hz,2007ApJ...656..148A,uncertainty,11.3   microns,Line measurement; flux integrated over line; lines measured in emission,,Flux in fixed aperture,,From new raw data
151,PAH 11.3 (Spitzer),5.34e-20,,W/cm^2^,26500000000000.0,53400000000.0,,,,,,Jy-Hz,2011ApJ...730...19S,no uncertainty reported,11.3 microns,Line measurement; flux integrated over line; lines measured in emission,13 44 42.12 +55 53 13.1 (J2000),Total flux,,From reprocessed raw data
152,11.3 microns Spitzer,4.165e-12,+/-0.340E-12,erg/s/cm^2^,26500000000000.0,0.0157,0.00128,0.00128,,,+/-1.28E-03,Jy,2014ApJ...790..124S,uncertainty,11.3 microns,Broad-band measurement,,From fitting to map,,From new raw data
153,W3 (WISE),5.336,+/-0.014,mag,25900000000000.0,0.232,0.003,0.003,,,+/-3.00E-03,Jy,2014A&A...570A.110Z,uncertainty,11.56 microns,Broad-band measurement,13 44 42.08 +55 53 13.0 (J2000),From fitting to map,,Averaged from previously published data
154,12 microns WISE AB,10.49,+/-0.10,mag,25400000000000.0,0.232,0.0214,0.0214,,,+/-2.14E-02,Jy,2014ApJS..212...18B,uncertainty,118100   A,Broad-band measurement,206.17545000 55.88689000 (J2000),Flux in fixed aperture,"15""x85"" aperture; PSF corr",From new raw data
155,12 microns WISE AB,10.49,+/-0.10,mag,25400000000000.0,0.232,0.0214,0.0214,,,+/-2.14E-02,Jy,2014ApJS..212...18B,uncertainty,118100   A,Broad-band measurement,206.17545000 55.88689000 (J2000),Flux in fixed aperture,"15""x85"" aperture; PSF corr",From new raw data; Extinction-corrected for Milky Way
156,12 microns (ISO),0.25,+/-30  %,Jy,25200000000000.0,0.25,0.075,0.075,,,+/-7.50E-02,Jy,2001A&A...379..823K,uncertainty,12         microns,Broad-band measurement,,Flux in fixed aperture,"Aperture 52""",From new raw data
157,[Ne II] 12 microns,4.32e-20,+/-0.4E-21,W/cm^2^,25000000000000.0,43200000000.0,400000000.0,400000000.0,,,+/-4.00E+08,Jy-Hz,2009ApJ...691.1501D,uncertainty,12 microns,Line measurement; flux integrated over line; lines measured in emission,,Flux integrated from map,,Averaged from previously published data
158,12 microns (IRAS),0.24,+/-0.017,Jy,25000000000000.0,0.24,0.017,0.017,,,+/-1.70E-02,Jy,2003AJ....126.1607S,1 sigma,12   microns,Broad-band measurement,13 44 41.8 +55 53 14 (J2000),Total flux,"Size, Method, Flag codes: UT;see paper",From reprocessed raw data
159,12 microns (IRAS),0.2352,+/-10  %,Jy,25000000000000.0,0.235,0.0235,0.0235,,,+/-2.35E-02,Jy,1990IRASF.C...0000M,uncertainty,12        microns,Broad-band measurement,134251.4 +560815 (B1950),Flux in fixed aperture,IRAS quality flag = 3,From new raw data
160,12 microns (IRAS),0.23,+/-0.023,Jy,25000000000000.0,0.23,0.023,0.023,,,+/-2.30E-02,Jy,1989AJ.....98..766S,rms noise,12         microns,Broad-band measurement,134251.6 +560813 (B1950),Integrated from scans,Unresolved with 0.77' beam,From reprocessed raw data
161,H_2 S(2) line (IRS),6.31e-14,+/-0.50E-14,ergs cm^-2^ s^-1^,24400000000000.0,6310000000.0,500000000.0,500000000.0,,,+/-5.00E+08,Jy-Hz,2007ApJ...656..148A,uncertainty,12.279   microns,Line measurement; flux integrated over line; lines measured in emission,,Flux in fixed aperture,,From new raw data
162,H_2S(2) (Spitzer),1.658e-13,+/-0.340E-13,erg/s/cm^2^,24400000000000.0,16600000000.0,3400000000.0,3400000000.0,,,+/-3.40E+09,Jy-Hz,2014ApJ...790..124S,uncertainty,12.3 microns,Line measurement; flux integrated over line; lines measured in emission,,From fitting to map,,From new raw data
163,H_2 S(2) line (IRS),5.6e-21,+/-0.07E-20,W cm^-2^,24400000000000.0,5600000000.0,700000000.0,700000000.0,,,+/-7.00E+08,Jy-Hz,2006ApJ...648..323H,uncertainty,12.28   microns,Line measurement; flux integrated over line; lines measured in emission,13 44 42.12 +55 53 13.10 (J2000),Flux integrated from map,,From new raw data
164,H_2S(2) (Spitzer),5.1e-17,+/-4E-18,W/m^2^,24400000000000.0,5100000000.0,400000000.0,400000000.0,,,+/-4.00E+08,Jy-Hz,2018AJ....156..295P,rms uncertainty,12.279 microns,Line measurement; flux integrated over line; lines measured in emission,206.17550 +55.887 (J2000),From fitting to map,,From reprocessed raw data
165,HI 7-6 (IRS),,<2.42E-21,W/cm^2^,24200000000000.0,,,,2420000000.0,,<2.42E+09,Jy-Hz,2011ApJS..193...18W,no uncertainty reported,12.368 microns,Line measurement; flux integrated over line; lines measured in emission,13 44 42.1 +55 53 13 (J2000),Flux integrated from map,,From new raw data
166,PAH 12.7 (IRS),1.1877e-12,+/-5.90E-14,ergs cm^-2^ s^-1^,23600000000000.0,119000000000.0,5900000000.0,5900000000.0,,,+/-5.90E+09,Jy-Hz,2007ApJ...656..148A,uncertainty,12.7   microns,Line measurement; flux integrated over line; lines measured in emission,,Flux in fixed aperture,,From new raw data
167,[Ne II] 12.81 (IRS),4.121e-20,,W/cm^2^,23400000000000.0,41200000000.0,,,,,,Jy-Hz,2011ApJS..193...18W,no uncertainty reported,12.814 microns,Line measurement; flux integrated over line; lines measured in emission,13 44 42.1 +55 53 13 (J2000),Flux integrated from map,,From new raw data
168,[Ne II] 12.81 (IRS),4.449e-16,+/-7.9E-18,W/m^2^,23400000000000.0,44500000000.0,790000000.0,790000000.0,,,+/-7.90E+08,Jy-Hz,2011ApJ...740...94D,uncertainty,12.81 microns,Line measurement; flux integrated over line; lines measured in emission,,Flux integrated from map,,From reprocessed raw data
169,[Ne II] line (IRS),5.348e-13,+/-1.90E-14,ergs cm^-2^ s^-1^,23400000000000.0,53500000000.0,1900000000.0,1900000000.0,,,+/-1.90E+09,Jy-Hz,2007ApJ...656..148A,uncertainty,12.814   microns,Line measurement; flux integrated over line; lines measured in emission,,Flux in fixed aperture,,From new raw data
170,14 microns (IRS),0.37,,Jy,21400000000000.0,0.37,,,,,,Jy,2007ApJ...659..296L,no uncertainty reported,14   microns,Broad-band measurement,,Flux integrated from map,S/N = 200,From reprocessed raw data
171,[Ne V] 14 microns,1.06e-20,+/-0.47E-21,W/cm^2^,21400000000000.0,10600000000.0,470000000.0,470000000.0,,,+/-4.70E+08,Jy-Hz,2009ApJ...691.1501D,uncertainty,14 microns,Line measurement; flux integrated over line; lines measured in emission,,Flux integrated from map,,Averaged from previously published data
172,[Ne V] 14.3 Spitzer,1.01e-16,+/-3.3E-18,W/m^2^,21000000000000.0,10100000000.0,330000000.0,330000000.0,,,+/-3.30E+08,Jy-Hz,2011ApJ...730...28P,uncertainty,14.3 microns,Line measurement; flux integrated over line; lines measured in emission,206.1755 55.8870 (J2000),Flux integrated from map,,From new raw data
173,[Ne V] 14.32 (IRS),1.062e-20,,W/cm^2^,20900000000000.0,10600000000.0,,,,,,Jy-Hz,2011ApJS..193...18W,no uncertainty reported,14.322 microns,Line measurement; flux integrated over line; lines measured in emission,13 44 42.1 +55 53 13 (J2000),Flux integrated from map,,From new raw data
174,[Cl II] 14.37 (IRS),,<5.37E-21,W/cm^2^,20900000000000.0,,,,5370000000.0,,<5.37E+09,Jy-Hz,2011ApJS..193...18W,no uncertainty reported,14.369 microns,Line measurement; flux integrated over line; lines measured in emission,13 44 42.1 +55 53 13 (J2000),Flux integrated from map,,From new raw data
175,[Ne V] 14.32 (IRS),1.123e-16,+/-3.7E-18,W/m^2^,20900000000000.0,11200000000.0,370000000.0,370000000.0,,,+/-3.70E+08,Jy-Hz,2011ApJ...740...94D,uncertainty,14.32 microns,Line measurement; flux integrated over line; lines measured in emission,,Flux integrated from map,,From reprocessed raw data
176,[Ne V] line (IRS),1.286e-13,+/-1.41E-14,ergs cm^-2^ s^-1^,20900000000000.0,12900000000.0,1410000000.0,1410000000.0,,,+/-1.41E+09,Jy-Hz,2007ApJ...656..148A,uncertainty,14.322   microns,Line measurement; flux integrated over line; lines measured in emission,,Flux in fixed aperture,,From new raw data
177,[Cl II] line (IRS),1.95e-14,+/-0.58E-14,ergs cm^-2^ s^-1^,20900000000000.0,1950000000.0,580000000.0,580000000.0,,,+/-5.80E+08,Jy-Hz,2007ApJ...656..148A,uncertainty,14.368   microns,Line measurement; flux integrated over line; lines measured in emission,,Flux in fixed aperture,,From new raw data
178,[Ne V] 14.32,1.06e-20,+/-0.05E-20,W/cm^2^,20900000000000.0,10600000000.0,500000000.0,500000000.0,,,+/-5.00E+08,Jy-Hz,2007ApJ...664...71D,statistical error,14.32   microns,Line measurement; flux integrated over line; lines measured in emission,,Flux integrated from map,,From reprocessed raw data
179,15 microns (Spitzer),422.0,,milliJy,20000000000000.0,0.422,,,,,,Jy,2009ApJS..182..628V,no uncertainty reported,15 microns,Broad-band measurement,,Flux integrated from map,From IRS spectra with 3.3% bandpass,From new raw data
180,[Ne III] 15 microns,3.43e-20,+/-0.5E-21,W/cm^2^,20000000000000.0,34300000000.0,500000000.0,500000000.0,,,+/-5.00E+08,Jy-Hz,2009ApJ...691.1501D,uncertainty,15 microns,Line measurement; flux integrated over line; lines measured in emission,,Flux integrated from map,,Averaged from previously published data
181,15 microns (ISO),0.5,+/-30  %,Jy,19800000000000.0,0.5,0.15,0.15,,,+/-1.50E-01,Jy,2001A&A...379..823K,uncertainty,15         microns,Broad-band measurement,,Flux in fixed aperture,"Aperture 52""",From new raw data
182,[Ne III] 15.56 (IRS),2.905e-20,,W/cm^2^,19300000000000.0,29000000000.0,,,,,,Jy-Hz,2011ApJS..193...18W,no uncertainty reported,15.555 microns,Line measurement; flux integrated over line; lines measured in emission,13 44 42.1 +55 53 13 (J2000),Flux integrated from map,,From new raw data
183,[Ne III] 15.56 (IRS),3.381e-16,+/-2.5E-18,W/m^2^,19300000000000.0,33800000000.0,250000000.0,250000000.0,,,+/-2.50E+08,Jy-Hz,2011ApJ...740...94D,uncertainty,15.56 microns,Line measurement; flux integrated over line; lines measured in emission,,Flux integrated from map,,From reprocessed raw data
184,[Ne III] line (IRS),4.271e-13,+/-3.42E-14,ergs cm^-2^ s^-1^,19300000000000.0,42700000000.0,3420000000.0,3420000000.0,,,+/-3.42E+09,Jy-Hz,2007ApJ...656..148A,uncertainty,15.555   microns,Line measurement; flux integrated over line; lines measured in emission,,Flux in fixed aperture,,From new raw data
185,PAH 16.4 (IRS),5.89e-14,+/-0.91E-14,ergs cm^-2^ s^-1^,18300000000000.0,5890000000.0,910000000.0,910000000.0,,,+/-9.10E+08,Jy-Hz,2007ApJ...656..148A,uncertainty,16.4   microns,Line measurement; flux integrated over line; lines measured in emission,,Flux in fixed aperture,,From new raw data
186,H_2 S(1) line (IRS),1.024e-20,+/-0.009E-20,W cm^-2^,17600000000000.0,10200000000.0,90000000.0,90000000.0,,,+/-9.00E+07,Jy-Hz,2006ApJ...648..323H,uncertainty,17.04   microns,Line measurement; flux integrated over line; lines measured in emission,13 44 42.12 +55 53 13.10 (J2000),Flux integrated from map,,From new raw data
187,17 microns Spitzer,2.798e-12,+/-0.172E-12,erg/s/cm^2^,17600000000000.0,0.0159,0.000977,0.000977,,,+/-9.77E-04,Jy,2014ApJ...790..124S,uncertainty,17.0 microns,Broad-band measurement,,From fitting to map,,From new raw data
188,H_2S(1) (Spitzer),3.365e-13,+/-0.463E-13,erg/s/cm^2^,17600000000000.0,33600000000.0,4630000000.0,4630000000.0,,,+/-4.63E+09,Jy-Hz,2014ApJ...790..124S,uncertainty,17.0 microns,Line measurement; flux integrated over line; lines measured in emission,,From fitting to map,,From new raw data
189,H_2 S(1) line (IRS),1.174e-13,+/-0.60E-14,ergs cm^-2^ s^-1^,17600000000000.0,11700000000.0,600000000.0,600000000.0,,,+/-6.00E+08,Jy-Hz,2007ApJ...656..148A,uncertainty,17.035   microns,Line measurement; flux integrated over line; lines measured in emission,,Flux in fixed aperture,,From new raw data
190,H_2S(1) (Spitzer),8.8e-17,+/-10E-18,W/m^2^,17600000000000.0,8800000000.0,1000000000.0,1000000000.0,,,+/-1.00E+09,Jy-Hz,2018AJ....156..295P,rms uncertainty,17.035 microns,Line measurement; flux integrated over line; lines measured in emission,206.17550 +55.887 (J2000),From fitting to map,,From reprocessed raw data
191,PAH 17.4 (IRS),1.18e-14,+/-0.39E-14,ergs cm^-2^ s^-1^,17200000000000.0,1180000000.0,390000000.0,390000000.0,,,+/-3.90E+08,Jy-Hz,2007ApJ...656..148A,uncertainty,17.4   microns,Line measurement; flux integrated over line; lines measured in emission,,Flux in fixed aperture,,From new raw data
192,[Fe II] 17.94 (IRS),,<1.32E-21,W/cm^2^,16700000000000.0,,,,1320000000.0,,<1.32E+09,Jy-Hz,2011ApJS..193...18W,no uncertainty reported,17.936 microns,Line measurement; flux integrated over line; lines measured in emission,13 44 42.1 +55 53 13 (J2000),Flux integrated from map,,From new raw data
193,[S III] 18.71 (IRS),1.667e-20,,W/cm^2^,16000000000000.0,16700000000.0,,,,,,Jy-Hz,2011ApJS..193...18W,no uncertainty reported,18.713 microns,Line measurement; flux integrated over line; lines measured in emission,13 44 42.1 +55 53 13 (J2000),Flux integrated from map,,From new raw data
194,[S III] 18.71,1.24e-20,+/-0.07E-20,W/cm^2^,16000000000000.0,12400000000.0,700000000.0,700000000.0,,,+/-7.00E+08,Jy-Hz,2007ApJ...664...71D,statistical error,18.71   microns,Line measurement; flux integrated over line; lines measured in emission,,Flux integrated from map,,From reprocessed raw data
195,[S III] line (IRS),1.751e-13,+/-1.13E-14,ergs cm^-2^ s^-1^,16000000000000.0,17500000000.0,1130000000.0,1130000000.0,,,+/-1.13E+09,Jy-Hz,2007ApJ...656..148A,uncertainty,18.713   microns,Line measurement; flux integrated over line; lines measured in emission,,Flux in fixed aperture,,From new raw data
196,Q (UKIRT),874.0,+/-99,milliJy,15000000000000.0,0.874,0.099,0.099,,,+/-9.90E-02,Jy,1985ApJ...291..117L,uncertainty,20.0 microns,Broad-band measurement,,Flux in fixed aperture,"Aperture = 6""",From new raw data
197,20 microns (Spitzer),826.3,,milliJy,15000000000000.0,0.826,,,,,,Jy,2009ApJS..182..628V,no uncertainty reported,20 microns,Broad-band measurement,,Flux integrated from map,From IRS spectra with 3.3% bandpass,From new raw data
198,W4 (WISE),1.796,+/-0.017,mag,13600000000000.0,1.6,0.025,0.025,,,+/-2.50E-02,Jy,2014A&A...570A.110Z,uncertainty,22.08 microns,Broad-band measurement,13 44 42.08 +55 53 13.0 (J2000),From fitting to map,,Averaged from previously published data
199,22 microns WISE AB,8.58,+/-0.10,mag,13500000000000.0,1.34,0.124,0.124,,,+/-1.24E-01,Jy,2014ApJS..212...18B,uncertainty,221400   A,Broad-band measurement,206.17545000 55.88689000 (J2000),Flux in fixed aperture,"30""x85"" aper; PSF and filter curve corr",From new raw data; Extinction-corrected for Milky Way
200,22 microns WISE AB,8.33,+/-0.10,mag,13500000000000.0,1.69,0.155,0.155,,,+/-1.55E-01,Jy,2014ApJS..212...18B,uncertainty,221400   A,Broad-band measurement,206.17545000 55.88689000 (J2000),Flux in fixed aperture,"30""x85"" aperture; PSF corr",From new raw data; Extinction-corrected for Milky Way
201,22 microns WISE AB,8.58,+/-0.10,mag,13500000000000.0,1.34,0.124,0.124,,,+/-1.24E-01,Jy,2014ApJS..212...18B,uncertainty,221400   A,Broad-band measurement,206.17545000 55.88689000 (J2000),Flux in fixed aperture,"30""x85"" aper; PSF and filter curve corr",From new raw data
202,22 microns WISE AB,8.33,+/-0.10,mag,13500000000000.0,1.69,0.155,0.155,,,+/-1.55E-01,Jy,2014ApJS..212...18B,uncertainty,221400   A,Broad-band measurement,206.17545000 55.88689000 (J2000),Flux in fixed aperture,"30""x85"" aperture; PSF corr",From new raw data
203,24 microns MIPS AB,8.23,+/-0.10,mag,12800000000000.0,1.86,0.171,0.171,,,+/-1.71E-01,Jy,2014ApJS..212...18B,uncertainty,235100   A,Broad-band measurement,206.17545000 55.88689000 (J2000),Flux in fixed aperture,"15""x85"" aperture; PSF corr",From new raw data
204,24 microns MIPS AB,8.23,+/-0.10,mag,12800000000000.0,1.86,0.171,0.171,,,+/-1.71E-01,Jy,2014ApJS..212...18B,uncertainty,235100   A,Broad-band measurement,206.17545000 55.88689000 (J2000),Flux in fixed aperture,"15""x85"" aperture; PSF corr",From new raw data; Extinction-corrected for Milky Way
205,25 microns (ISO),2.07,+/-30  %,Jy,12600000000000.0,2.07,0.621,0.621,,,+/-6.21E-01,Jy,2001A&A...379..823K,uncertainty,25         microns,Broad-band measurement,,Flux in fixed aperture,"Aperture 52""",From new raw data
206,[Ne V] 24 microns,2.74e-20,+/-1.9E-21,W/cm^2^,12500000000000.0,27400000000.0,1900000000.0,1900000000.0,,,+/-1.90E+09,Jy-Hz,2009ApJ...691.1501D,uncertainty,24 microns,Line measurement; flux integrated over line; lines measured in emission,,Flux integrated from map,,Averaged from previously published data
207,[Ne V] 24.32,2.74e-20,+/-0.19E-20,W/cm^2^,12300000000000.0,27400000000.0,1900000000.0,1900000000.0,,,+/-1.90E+09,Jy-Hz,2007ApJ...664...71D,statistical error,24.31   microns,Line measurement; flux integrated over line; lines measured in emission,,Flux integrated from map,,From reprocessed raw data
208,[Ne V] 24.32 (IRS),9.28e-21,,W/cm^2^,12300000000000.0,9280000000.0,,,,,,Jy-Hz,2011ApJS..193...18W,no uncertainty reported,24.318 microns,Line measurement; flux integrated over line; lines measured in emission,13 44 42.1 +55 53 13 (J2000),Flux integrated from map,,From new raw data
209,[Ne V] line (IRS),1.77e-13,+/-1.80E-14,ergs cm^-2^ s^-1^,12300000000000.0,17700000000.0,1800000000.0,1800000000.0,,,+/-1.80E+09,Jy-Hz,2007ApJ...656..148A,uncertainty,24.318   microns,Line measurement; flux integrated over line; lines measured in emission,,Flux in fixed aperture,,From new raw data
210,25 microns (Spitzer),2950.8,,milliJy,12000000000000.0,2.95,,,,,,Jy,2009ApJS..182..628V,no uncertainty reported,25 microns,Broad-band measurement,,Flux integrated from map,From IRS spectra with 3.3% bandpass,From new raw data
211,25 microns (IRAS),2.36,+/-0.021,Jy,12000000000000.0,2.36,0.021,0.021,,,+/-2.10E-02,Jy,2003AJ....126.1607S,1 sigma,25   microns,Broad-band measurement,13 44 41.8 +55 53 14 (J2000),Total flux,"Size, Method, Flag codes: UT;see paper",From reprocessed raw data
212,25 microns (Spitzer),1.979,,Jy,12000000000000.0,1.98,,,,,,Jy,2011ApJ...730...19S,no uncertainty reported,25 microns,Broad-band measurement,13 44 42.12 +55 53 13.1 (J2000),Flux in fixed aperture,,From reprocessed raw data
213,25 microns (IRAS),2.3,+/-0.024,Jy,12000000000000.0,2.3,0.024,0.024,,,+/-2.40E-02,Jy,1989AJ.....98..766S,rms noise,25         microns,Broad-band measurement,134251.6 +560813 (B1950),Integrated from scans,Unresolved with 0.78' beam,From reprocessed raw data
214,25 microns (IRAS),2.282,+/-4   %,Jy,12000000000000.0,2.28,0.00941,0.00941,,,+/-9.41E-03,Jy,1990IRASF.C...0000M,uncertainty,25        microns,Broad-band measurement,134251.4 +560815 (B1950),Flux in fixed aperture,IRAS quality flag = 3,From new raw data
215,[O IV] 25.89 (IRS),5.501e-16,+/-17.8E-18,W/m^2^,11600000000000.0,55000000000.0,1780000000.0,1780000000.0,,,+/-1.78E+09,Jy-Hz,2011ApJ...740...94D,uncertainty,25.89 microns,Line measurement; flux integrated over line; lines measured in emission,,Flux integrated from map,,From reprocessed raw data
216,[O IV] 25.89 (IRS),7.513e-20,,W/cm^2^,11600000000000.0,75100000000.0,,,,,,Jy-Hz,2011ApJS..193...18W,no uncertainty reported,25.890 microns,Line measurement; flux integrated over line; lines measured in emission,13 44 42.1 +55 53 13 (J2000),Flux integrated from map,,From new raw data
217,[O IV] line (IRS),6.376e-13,+/-4.79E-14,ergs cm^-2^ s^-1^,11600000000000.0,63800000000.0,4790000000.0,4790000000.0,,,+/-4.79E+09,Jy-Hz,2007ApJ...656..148A,uncertainty,25.890   microns,Line measurement; flux integrated over line; lines measured in emission,,Flux in fixed aperture,,From new raw data
218,[Fe II] 15.99 (IRS),,<29.79E-21,W/cm^2^,11500000000000.0,,,,29800000000.0,,<2.98E+10,Jy-Hz,2011ApJS..193...18W,no uncertainty reported,25.988 microns,Line measurement; flux integrated over line; lines measured in emission,13 44 42.1 +55 53 13 (J2000),Flux integrated from map,,From new raw data
219,[Fe II] line (IRS),4.65e-14,+/-0.79E-14,ergs cm^-2^ s^-1^,11500000000000.0,4650000000.0,790000000.0,790000000.0,,,+/-7.90E+08,Jy-Hz,2007ApJ...656..148A,uncertainty,25.988   microns,Line measurement; flux integrated over line; lines measured in emission,,Flux in fixed aperture,,From new raw data
220,[O IV] 26 microns,5.69e-20,+/-1.8E-21,W/cm^2^,11500000000000.0,56900000000.0,1800000000.0,1800000000.0,,,+/-1.80E+09,Jy-Hz,2009ApJ...691.1501D,uncertainty,26 microns,Line measurement; flux integrated over line; lines measured in emission,,Flux integrated from map,,Averaged from previously published data
221,H_2 S(0) line (IRS),,<26.25E-20,W cm^-2^,10600000000000.0,,,,262000000000.0,,<2.62E+11,Jy-Hz,2006ApJ...648..323H,no uncertainty reported,28.22   microns,Line measurement; flux integrated over line; lines measured in emission,13 44 42.12 +55 53 13.10 (J2000),Flux integrated from map,,From new raw data
222,H_2S(0) (Spitzer),,<1.210E-13,erg/s/cm^2^,10600000000000.0,,,,12100000000.0,,<1.21E+10,Jy-Hz,2014ApJ...790..124S,3 sigma,28.2 microns,Line measurement; flux integrated over line; lines measured in emission,,From fitting to map,,From new raw data
223,H_2S(0) (Spitzer),,<16E-18,W/m^2^,10600000000000.0,,,,1600000000.0,,<1.60E+09,Jy-Hz,2018AJ....156..295P,3 sigma,28.219 microns,Line measurement; flux integrated over line; lines measured in emission,206.17550 +55.887 (J2000),From fitting to map,,From reprocessed raw data
224,30 microns (Spitzer),6195.8,,milliJy,9990000000000.0,6.2,,,,,,Jy,2009ApJS..182..628V,no uncertainty reported,30 microns,Broad-band measurement,,Flux integrated from map,From IRS spectra with 3.3% bandpass,From new raw data
225,[S III] 33.48,3.88e-20,+/-0.40E-20,W/cm^2^,8950000000000.0,38800000000.0,4000000000.0,4000000000.0,,,+/-4.00E+09,Jy-Hz,2007ApJ...664...71D,statistical error,33.48   microns,Line measurement; flux integrated over line; lines measured in emission,,Flux integrated from map,,From reprocessed raw data
226,[S III] 33.48 (IRS),2.814e-20,,W/cm^2^,8950000000000.0,28100000000.0,,,,,,Jy-Hz,2011ApJS..193...18W,no uncertainty reported,33.481 microns,Line measurement; flux integrated over line; lines measured in emission,13 44 42.1 +55 53 13 (J2000),Flux integrated from map,,From new raw data
227,[S III] line (IRS),3.486e-13,+/-6.34E-14,ergs cm^-2^ s^-1^,8950000000000.0,34900000000.0,6340000000.0,6340000000.0,,,+/-6.34E+09,Jy-Hz,2007ApJ...656..148A,uncertainty,33.481   microns,Line measurement; flux integrated over line; lines measured in emission,,Flux in fixed aperture,,From new raw data
228,[Si II] line (IRS),4.402e-13,+/-7.46E-14,ergs cm^-2^ s^-1^,8610000000000.0,44000000000.0,7460000000.0,7460000000.0,,,+/-7.46E+09,Jy-Hz,2007ApJ...656..148A,uncertainty,34.815   microns,Line measurement; flux integrated over line; lines measured in emission,,Flux in fixed aperture,,From new raw data
229,[Si II] 34.82 (IRS),,<134.61E-21,W/cm^2^,8610000000000.0,,,,135000000000.0,,<1.35E+11,Jy-Hz,2011ApJS..193...18W,no uncertainty reported,34.815 microns,Line measurement; flux integrated over line; lines measured in emission,13 44 42.1 +55 53 13 (J2000),Flux integrated from map,,From new raw data
230,57 microns (ISO),22.3,+/-2.0,Jy,5260000000000.0,22.3,2.0,2.0,,,+/-2.00E+00,Jy,2008ApJS..178..280B,uncertainty,57 microns,Broad-band measurement,13 44 42.03 +55 53 13.2 (J2000),Flux integrated from map,,From new raw data
231,[N III] 57.32 (PACS),,<43.18E-17,W/m^2^,5230000000000.0,,,,43200000000.0,,<4.32E+10,Jy-Hz,2016ApJS..226...19F,no uncertainty reported,57.32 microns,Line measurement; flux integrated over line; lines measured in emission,,Flux integrated from map,Flux extracted from central 3x3 array,From new raw data
232,[N III] 57.32 (PACS),1.378e-16,+/-5.75E-17,W/m^2^,5230000000000.0,13800000000.0,5750000000.0,5750000000.0,,,+/-5.75E+09,Jy-Hz,2016ApJS..226...19F,uncertainty,57.32 microns,Line measurement; flux integrated over line; lines measured in emission,,Flux integrated from map,Flux extracted from central spaxel,From new raw data
233,[N III] 57.32 (PACS),,<72.45E-17,W/m^2^,5230000000000.0,,,,72400000000.0,,<7.24E+10,Jy-Hz,2016ApJS..226...19F,no uncertainty reported,57.32 microns,Line measurement; flux integrated over line; lines measured in emission,,Flux integrated from map,Flux extracted from full 5x5 array,From new raw data
234,60 microns (IRAS),22.51,+/-0.042,Jy,5000000000000.0,22.5,0.042,0.042,,,+/-4.20E-02,Jy,2003AJ....126.1607S,1 sigma,60   microns,Broad-band measurement,13 44 41.8 +55 53 14 (J2000),Total flux,"Size, Method, Flag codes: UT;see paper",From reprocessed raw data
235,60 microns (IRAS),21.74,+/-4   %,Jy,5000000000000.0,21.7,0.87,0.87,,,+/-8.70E-01,Jy,1990IRASF.C...0000M,uncertainty,60        microns,Broad-band measurement,134251.4 +560815 (B1950),Flux in fixed aperture,IRAS quality flag = 3,From new raw data
236,60 microns (IRAS),22.09,+/-0.045,Jy,5000000000000.0,22.1,0.045,0.045,,,+/-4.50E-02,Jy,1989AJ.....98..766S,rms noise,60         microns,Broad-band measurement,134251.6 +560813 (B1950),Integrated from scans,Unresolved with 1.44' beam,From reprocessed raw data
237,60 microns (ISO),27.45,+/-30  %,Jy,4930000000000.0,27.5,8.23,8.23,,,+/-8.23E+00,Jy,2001A&A...379..823K,uncertainty,60         microns,Broad-band measurement,,Flux integrated from map,"Aperture 46"" x 46""",From new raw data
238,63 microns (ISO),24.9,+/-2.5,Jy,4760000000000.0,24.9,2.5,2.5,,,+/-2.50E+00,Jy,2008ApJS..178..280B,uncertainty,63 microns,Broad-band measurement,13 44 42.03 +55 53 13.2 (J2000),Flux integrated from map,,From new raw data
239,[O I] 63.18 (PACS),6.961e-16,+/-13.63E-17,W/m^2^,4750000000000.0,69600000000.0,13600000000.0,13600000000.0,,,+/-1.36E+10,Jy-Hz,2016ApJS..226...19F,uncertainty,63.18 microns,Line measurement; flux integrated over line; lines measured in emission,,Flux integrated from map,Flux extracted from full 5x5 array,From new raw data
240,[O I] 63.18 (PACS),5.047e-16,+/-5.55E-17,W/m^2^,4750000000000.0,50500000000.0,5550000000.0,5550000000.0,,,+/-5.55E+09,Jy-Hz,2016ApJS..226...19F,uncertainty,63.18 microns,Line measurement; flux integrated over line; lines measured in emission,,Flux integrated from map,Flux extracted from central spaxel,From new raw data
241,[O I] 63.18 (PACS),5.822e-16,+/-11.10E-17,W/m^2^,4750000000000.0,58200000000.0,11100000000.0,11100000000.0,,,+/-1.11E+10,Jy-Hz,2016ApJS..226...19F,uncertainty,63.18 microns,Line measurement; flux integrated over line; lines measured in emission,,Flux integrated from map,Flux extracted from central 3x3 array,From new raw data
242,70 microns (PACS),24.46,+/-1.110,Jy,4280000000000.0,24.5,1.11,1.11,,,+/-1.11E+00,Jy,2017ApJS..229...25C,uncertainty,70 microns,Broad-band measurement,,Total flux,,From new raw data
243,70 microns (MIPS),25232700.0,+/-38922,microJy,4200000000000.0,25.2,0.0389,0.0389,,,+/-3.89E-02,Jy,2015ApJS..217...17H,uncertainty,71.42 microns,Broad-band measurement,206.176054 +55.887276 (J2000),From fitting to map,PSF flux; SN = 784.9,From new raw data
244,70 microns (MIPS),9354000.0,+/-24840,microJy,4200000000000.0,9.35,0.0248,0.0248,,,+/-2.48E-02,Jy,2015ApJS..217...17H,uncertainty,71.42 microns,Broad-band measurement,206.176054 +55.887276 (J2000),Flux in fixed aperture,"aper. radius = 18""",From new raw data
245,88 microns (ISO),22.6,+/-2.3,Jy,3410000000000.0,22.6,2.3,2.3,,,+/-2.30E+00,Jy,2008ApJS..178..280B,uncertainty,88 microns,Broad-band measurement,13 44 42.03 +55 53 13.2 (J2000),Flux integrated from map,,From new raw data
246,[O III] 88.36 (PACS),4.438e-16,+/-10.29E-17,W/m^2^,3390000000000.0,44400000000.0,10300000000.0,10300000000.0,,,+/-1.03E+10,Jy-Hz,2016ApJS..226...19F,uncertainty,88.36 microns,Line measurement; flux integrated over line; lines measured in emission,,Flux integrated from map,Flux extracted from central 3x3 array,From new raw data
247,[O III] 88.36 (PACS),3.3e-16,+/-5.53E-17,W/m^2^,3390000000000.0,33000000000.0,5530000000.0,5530000000.0,,,+/-5.53E+09,Jy-Hz,2016ApJS..226...19F,uncertainty,88.36 microns,Line measurement; flux integrated over line; lines measured in emission,,Flux integrated from map,Flux extracted from central spaxel,From new raw data
248,[O III] 88.36 (PACS),4.446e-16,+/-12.35E-17,W/m^2^,3390000000000.0,44500000000.0,12400000000.0,12400000000.0,,,+/-1.24E+10,Jy-Hz,2016ApJS..226...19F,uncertainty,88.36 microns,Line measurement; flux integrated over line; lines measured in emission,,Flux integrated from map,Flux extracted from full 5x5 array,From new raw data
249,90 microns (ISO),23.78,+/-30  %,Jy,3150000000000.0,23.8,7.13,7.13,,,+/-7.13E+00,Jy,2001A&A...379..823K,uncertainty,90         microns,Broad-band measurement,,Flux integrated from map,"Aperture 46"" x 46""",From new raw data
250,100 microns (IRAS),22.53,+/-0.07,Jy,3000000000000.0,22.5,0.07,0.07,,,+/-7.00E-02,Jy,2003AJ....126.1607S,1 sigma,100   microns,Broad-band measurement,13 44 41.8 +55 53 14 (J2000),Total flux,"Size, Method, Flag codes: UT;see paper",From reprocessed raw data
251,100 microns (IRAS),21.38,+/-4   %,Jy,3000000000000.0,21.4,0.855,0.855,,,+/-8.55E-01,Jy,1990IRASF.C...0000M,uncertainty,100       microns,Broad-band measurement,134251.4 +560815 (B1950),Flux in fixed aperture,IRAS quality flag = 2,From new raw data
252,100 microns (IRAS),22.44,+/-0.08,Jy,3000000000000.0,22.4,0.08,0.08,,,+/-8.00E-02,Jy,1989AJ.....98..766S,rms noise,100        microns,Broad-band measurement,134251.6 +560813 (B1950),Integrated from scans,Unresolved with 2.94' beam,From reprocessed raw data
253,100 microns (PACS),22.32,+/-1.000,Jy,2930000000000.0,22.3,1.0,1.0,,,+/-1.00E+00,Jy,2017ApJS..229...25C,uncertainty,102.3 microns,Broad-band measurement,,Total flux,,From new raw data
254,11 cm (NRAO),115.0,+/-17,milliJy,2700000000000.0,0.115,0.017,0.017,,,+/-1.70E-02,Jy,1980AJ.....85.1462K,uncertainty,11   cm,Broad-band measurement,,Flux integrated from map,,From new raw data
255,120 microns (ISO),23.6,+/-0.52,Jy,2520000000000.0,23.6,0.52,0.52,,,+/-5.20E-01,Jy,2002ApJ...572..105S,1 sigma uncert.,119.0      microns,Broad-band measurement,,From fitting to map,,From new raw data
256,120 microns (ISO),19.99,+/-30  %,Jy,2520000000000.0,20.0,6.0,6.0,,,+/-6.00E+00,Jy,2001A&A...379..823K,uncertainty,120        microns,Broad-band measurement,,Flux integrated from map,"Aperture 184"" x 184""",From new raw data
257,122 microns (ISO),15.4,+/-1.3,Jy,2460000000000.0,15.4,1.3,1.3,,,+/-1.30E+00,Jy,2008ApJS..178..280B,uncertainty,122 microns,Broad-band measurement,13 44 42.03 +55 53 13.2 (J2000),Flux integrated from map,,From new raw data
258,[N II] 121.90 (PACS),1.193e-16,+/-2.77E-17,W/m^2^,2460000000000.0,11900000000.0,2770000000.0,2770000000.0,,,+/-2.77E+09,Jy-Hz,2016ApJS..226...19F,uncertainty,121.90 microns,Line measurement; flux integrated over line; lines measured in emission,,Flux integrated from map,Flux extracted from central 3x3 array,From new raw data
259,[N II] 121.90 (PACS),8.58e-17,+/-1.31E-17,W/m^2^,2460000000000.0,8580000000.0,1310000000.0,1310000000.0,,,+/-1.31E+09,Jy-Hz,2016ApJS..226...19F,uncertainty,121.90 microns,Line measurement; flux integrated over line; lines measured in emission,,Flux integrated from map,Flux extracted from central spaxel,From new raw data
260,[N II] 121.90 (PACS),1.015e-16,+/-2.36E-17,W/m^2^,2460000000000.0,10200000000.0,2360000000.0,2360000000.0,,,+/-2.36E+09,Jy-Hz,2016ApJS..226...19F,uncertainty,121.90 microns,Line measurement; flux integrated over line; lines measured in emission,,Flux integrated from map,Flux extracted from full 5x5 array,From new raw data
261,145 microns (ISO),12.5,+/-1.3,Jy,2070000000000.0,12.5,1.3,1.3,,,+/-1.30E+00,Jy,2008ApJS..178..280B,uncertainty,145 microns,Broad-band measurement,13 44 42.03 +55 53 13.2 (J2000),Flux integrated from map,,From new raw data
262,[O I] 145.52 (PACS),6.3e-17,+/-2.42E-17,W/m^2^,2060000000000.0,6300000000.0,2420000000.0,2420000000.0,,,+/-2.42E+09,Jy-Hz,2016ApJS..226...19F,uncertainty,145.52 microns,Line measurement; flux integrated over line; lines measured in emission,,Flux integrated from map,Flux extracted from central 3x3 array,From new raw data
263,[O I] 145.52 (PACS),6.89e-17,+/-1.05E-17,W/m^2^,2060000000000.0,6890000000.0,1050000000.0,1050000000.0,,,+/-1.05E+09,Jy-Hz,2016ApJS..226...19F,uncertainty,145.52 microns,Line measurement; flux integrated over line; lines measured in emission,,Flux integrated from map,Flux extracted from central spaxel,From new raw data
264,[O I] 145.52 (PACS),3.92e-17,+/-2.84E-17,W/m^2^,2060000000000.0,3920000000.0,2840000000.0,2840000000.0,,,+/-2.84E+09,Jy-Hz,2016ApJS..226...19F,uncertainty,145.52 microns,Line measurement; flux integrated over line; lines measured in emission,,Flux integrated from map,Flux extracted from full 5x5 array,From new raw data
265,158 microns (ISO),8.4,+/-1.0,Jy,1900000000000.0,8.4,1.0,1.0,,,+/-1.00E+00,Jy,2008ApJS..178..280B,uncertainty,158 microns,Broad-band measurement,13 44 42.03 +55 53 13.2 (J2000),Flux integrated from map,,From new raw data
266,[C II] 157.74 (PACS),8.918e-16,+/-3.67E-17,W/m^2^,1900000000000.0,89200000000.0,3670000000.0,3670000000.0,,,+/-3.67E+09,Jy-Hz,2016ApJS..226...19F,uncertainty,157.74 microns,Line measurement; flux integrated over line; lines measured in emission,,Flux integrated from map,Flux extracted from central 3x3 array,From new raw data
267,[C II] 157.74 (PACS),7.294e-16,+/-2.14E-17,W/m^2^,1900000000000.0,72900000000.0,2140000000.0,2140000000.0,,,+/-2.14E+09,Jy-Hz,2016ApJS..226...19F,uncertainty,157.74 microns,Line measurement; flux integrated over line; lines measured in emission,,Flux integrated from map,Flux extracted from central spaxel,From new raw data
268,[C II] 157.74 (PACS),8.119e-16,+/-4.42E-17,W/m^2^,1900000000000.0,81200000000.0,4420000000.0,4420000000.0,,,+/-4.42E+09,Jy-Hz,2016ApJS..226...19F,uncertainty,157.74 microns,Line measurement; flux integrated over line; lines measured in emission,,Flux integrated from map,Flux extracted from full 5x5 array,From new raw data
269,150 microns (ISO),13.1,+/-30  %,Jy,1860000000000.0,13.1,3.93,3.93,,,+/-3.93E+00,Jy,2001A&A...379..823K,uncertainty,150        microns,Broad-band measurement,,Flux integrated from map,"Aperture 184"" x 184""",From new raw data
270,150 microns (ISO),16.95,+/-0.22,Jy,1860000000000.0,16.9,0.22,0.22,,,+/-2.20E-01,Jy,2002ApJ...572..105S,1 sigma uncert.,161.0      microns,Broad-band measurement,,From fitting to map,,From new raw data
271,160 microns (PACS),12.74,+/-0.560,Jy,1810000000000.0,12.7,0.56,0.56,,,+/-5.60E-01,Jy,2017ApJS..229...25C,uncertainty,166 microns,Broad-band measurement,,Total flux,,From new raw data
272,170 microns (ISO),8.3,+/-1.0,Jy,1760000000000.0,8.3,1.0,1.0,,,+/-1.00E+00,Jy,2008ApJS..178..280B,uncertainty,170 microns,Broad-band measurement,13 44 42.03 +55 53 13.2 (J2000),Flux integrated from map,,From new raw data
273,170 microns (ISO),10.66,+/-15  %,Jy,1760000000000.0,10.7,1.6,1.6,,,+/-1.60E+00,Jy,2004A&A...422...39S,uncertainty,170      microns,Broad-band measurement,13 44 44.30 +55 53 31.2 (J2000),Integrated from scans,,Averaged from previously published data
274,180 microns (ISO),8.69,+/-30  %,Jy,1620000000000.0,8.69,2.61,2.61,,,+/-2.61E+00,Jy,2001A&A...379..823K,uncertainty,180        microns,Broad-band measurement,,Flux integrated from map,"Aperture 184"" x 184""",From new raw data
275,180 microns (ISO),7.48,+/-0.200,Jy,1620000000000.0,7.48,0.2,0.2,,,+/-2.00E-01,Jy,2002ApJ...572..105S,1 sigma uncert.,185.5      microns,Broad-band measurement,,From fitting to map,,From new raw data
276,200 microns (ISO),7.4,+/-30  %,Jy,1470000000000.0,7.4,2.22,2.22,,,+/-2.22E+00,Jy,2001A&A...379..823K,uncertainty,200        microns,Broad-band measurement,,Flux integrated from map,"Aperture 184"" x 184""",From new raw data
277,200 microns (ISO),5.75,+/-0.30,Jy,1470000000000.0,5.75,0.3,0.3,,,+/-3.00E-01,Jy,2002ApJ...572..105S,1 sigma uncert.,204.6      microns,Broad-band measurement,,From fitting to map,,From new raw data
278,250 microns (SPIRE),4.177,+/-0.252,Jy,1200000000000.0,4.18,0.252,0.252,,,+/-2.52E-01,Jy,2017ApJS..229...25C,uncertainty,250 microns,Broad-band measurement,,Total flux,,From new raw data
279,350 microns (CSO),1.34,+/-0.08,Jy,857000000000.0,1.34,0.08,0.08,,,+/-8.00E-02,Jy,2007ApJ...662..284Y,uncertainty,350   microns,Broad-band measurement,13 44 42.1 +55 53 13 (J2000),Flux integrated from map,,From new raw data
280,350 microns,1.004,+/-0.230,Jy,857000000000.0,1.0,0.23,0.23,,,+/-2.30E-01,Jy,1996MNRAS.278.1049R,based on count statistics only,350        microns,Broad-band measurement,134440.40 +555259.00 (J2000),Flux in fixed aperture,"8"" FWHP",From new raw data
281,350 microns,1.77,+/-0.22,Jy,857000000000.0,1.77,0.22,0.22,,,+/-2.20E-01,Jy,1999CIT...T00R....B,1 sigma,350        microns,Broad-band measurement,,Flux integrated from map,,From new raw data
282,350 microns (SPIRE),1.531,+/-0.094,Jy,857000000000.0,1.53,0.094,0.094,,,+/-9.40E-02,Jy,2017ApJS..229...25C,uncertainty,350 microns,Broad-band measurement,,Total flux,,From new raw data
283,CO(6-5) (JCMT),447.0,+/-143,Jy km/s,691000000000.0,993000000.0,318000000.0,318000000.0,,,+/-3.18E+08,Jy-Hz,2010ApJ...715..775P,uncertainty,691.473 GHz,Line measurement; flux integrated over line; lines measured in emission,13 44 42.12 +55 53 13.5 (J2000),Flux integrated from map,See paper for applied flux correction,From new raw data
284,450 microns,0.707,+/-0.200,Jy,666000000000.0,0.707,0.2,0.2,,,+/-2.00E-01,Jy,1996MNRAS.278.1049R,based on count statistics only,450        microns,Broad-band measurement,134440.40 +555259.00 (J2000),Flux in fixed aperture,"8"" FWHP",From new raw data
285,500 microns (SPIRE),0.427,+/-0.026,Jy,600000000000.0,0.427,0.026,0.026,,,+/-2.60E-02,Jy,2017ApJS..229...25C,uncertainty,500 microns,Broad-band measurement,,Total flux,,From new raw data
286,800 microns,0.084,+/-0.022,Jy,375000000000.0,0.084,0.022,0.022,,,+/-2.20E-02,Jy,1996MNRAS.278.1049R,based on count statistics only,800        microns,Broad-band measurement,134440.40 +555259.00 (J2000),Flux in fixed aperture,"19"" FWHP",From new raw data
287,880 microns (SMA),56.0,+/-5,milliJy,341000000000.0,0.056,0.005,0.005,,,+/-5.00E-03,Jy,2008ApJS..178..189W,uncertainty,880 microns,Broad-band measurement,,Flux integrated from map,,From new raw data
288,1100 microns,0.051,+/-0.013,Jy,273000000000.0,0.051,0.013,0.013,,,+/-1.30E-02,Jy,1996MNRAS.278.1049R,based on count statistics only,1100       microns,Broad-band measurement,134440.40 +555259.00 (J2000),Flux in fixed aperture,"19"" FWHP",From new raw data
289,1.25 mm,,<0.063,Jy,240000000000.0,,,,0.063,,<6.30E-02,Jy,1992PASP..104.1086C,no uncertainty reported,1.25   mm,Broad-band measurement,,Flux in fixed aperture,"30"" aperture",From new raw data
290,1.3 mm (SMA),8.0,,milliJy,231000000000.0,0.008,,,,,,Jy,2008ApJS..178..189W,no uncertainty reported,1.3 mm,Broad-band measurement,,Flux integrated from map,,From new raw data
291,CO(1-0) (IRAM),90.6,+/-0.50,Jy km/s,115000000000.0,33600000.0,185000.0,185000.0,,,+/-1.85E+05,Jy-Hz,2014A&A...562A..21C,uncertainty,115.271 GHz,Line measurement; flux integrated over line; lines measured in emission,13 44 42.16 +55 53 13.21 (J2000),Total flux,,From new raw data
292,HCN (J=1-0) (NMA),4.8,,Jy km s^-1^,88600000000.0,1370000.0,,,,,,Jy-Hz,2006AJ....131.2888I,no uncertainty reported,11310   km s^-1^,Line measurement; flux integrated over line; lines measured in emission,,Flux integrated from map,,From new raw data
293,HCN (J=1-0) (NMA),4.6,,Jy km/s,88600000000.0,1310000.0,,,,,,Jy-Hz,2014AJ....148....9I,no uncertainty reported,88.631 GHz,Line measurement; flux integrated over line; lines measured in emission,,From fitting to map,,From new raw data
294,85.6 GHz (NMA),6.0,,milliJy,85600000000.0,0.006,,,,,,Jy,2006AJ....131.2888I,no uncertainty reported,85.67   GHz,Broad-band measurement,,Flux integrated from map,"Beam size = 1.9"" x 1.5""; S/N > 4sigma",From new raw data
295,32.5 GHz (EVLA),19.5,+/-1.0,milliJy,32500000000.0,0.0195,0.001,0.001,,,+/-1.00E-03,Jy,2011ApJ...739L..25L,statistical error,32.5 GHz,Broad-band measurement,,Flux integrated from map,,From new raw data
296,9.5 mm (NRAO),-0.27,+/-0.21,flux units,31600000000.0,-0.27,0.21,0.21,,,+/-2.10E-01,Jy,1972AJ.....77..705T,rms uncertainty,9.5        mm,Broad-band measurement,,Integrated from scans,,From new raw data
297,22.5 GHz (VLA),14.3,+/-0.3,milliJy,22500000000.0,0.0143,0.0003,0.0003,,,+/-3.00E-04,Jy,2008A&A...477...95C,uncertainty,22.5 GHz,Broad-band measurement,13 44 42.11 +55 53 13.15 (J2000),Flux integrated from map,,From new raw data
298,10.63 GHz (ARO),39.0,+/-7,milliJy,10600000000.0,0.039,0.007,0.007,,,+/-7.00E-03,Jy,1995ApJS...98..369B,rms uncertainty,10.63 GHz,Broad-band measurement,,Flux integrated from map,Probable detection,From new raw data
299,8.1 GHz,41.0,+/-5,milliJy,8100000000.0,0.041,0.005,0.005,,,+/-5.00E-03,Jy,1976ApJ...207..725S,uncertainty,8.1        GHz,Broad-band measurement,134251.74 +560814.0 (B1950),Flux in fixed aperture,,From new raw data
300,5.95 GHz (EVLA),60.3,+/-0.08,milliJy,5950000000.0,0.0603,8e-05,8e-05,,,+/-8.00E-05,Jy,2011ApJ...739L..25L,statistical error,5.95 GHz,Broad-band measurement,,Flux integrated from map,,From new raw data
301,4.85 GHz,99.0,+/-15  %,milliJy,4850000000.0,0.099,0.0149,0.0149,,,+/-1.49E-02,Jy,1991ApJS...75....1B,uncertainty,4.85       GHz,Broad-band measurement,134253.5 +560826 (B1950),Peak flux,,From new raw data; Corrected for contaminating sources
302,4.85 GHz,103.0,+/-12,milliJy,4850000000.0,0.103,0.012,0.012,,,+/-1.20E-02,Jy,1991ApJS...75.1011G,rms noise,4.85       GHz,Broad-band measurement,134253.6 +560828 (B1950),Modelled datum,,From new raw data; Corrected for contaminating sources
303,4.755 GHz (GBT),73.0,+/-5,milliJy,4760000000.0,0.073,0.005,0.005,,,+/-5.00E-03,Jy,1995ApJS...98..369B,rms uncertainty,4.755 GHz,Broad-band measurement,,Flux integrated from map,Probable detection,From new raw data
304,6 cm (NRAO),70.0,+/-14,milliJy,4750000000.0,0.07,0.014,0.014,,,+/-1.40E-02,Jy,1980AJ.....85.1462K,uncertainty,6   cm,Broad-band measurement,,Flux integrated from map,,From new raw data
305,2.7 GHz,96.0,+/-6,milliJy,2700000000.0,0.096,0.006,0.006,,,+/-6.00E-03,Jy,1976ApJ...207..725S,uncertainty,2.7        GHz,Broad-band measurement,134251.74 +560814.0 (B1950),Flux in fixed aperture,,From new raw data
306,1660 MHz (WSRT),102.0,,milliJy,1660000000.0,0.102,,,,,,Jy,2004A&A...419..887K,no uncertainty reported,1660   MHz,Broad-band measurement,,Flux integrated from map,,From new raw data
307,HI (21 cm line),2.4,+/-0.40,Jy km s^-1^,1420000000.0,10900.0,1820.0,1820.0,,,+/-1.82E+03,Jy-Hz,1989H&RHI.C...0000H,no uncertainty reported,21         cm,Line measurement; flux integrated over line; lines measured in emission,134251.4 +560817. (B1950),Not reported in paper,,Transformed from previously published data
308,HI (21 cm line),,<8.30,Jy km s^-1^,1420000000.0,,,,37700.0,,<3.77E+04,Jy-Hz,1989H&RHI.C...0000H,no uncertainty reported,21         cm,Line measurement; flux integrated over line; not detected,134251.4 +560817. (B1950),Not reported in paper,,Transformed from previously published data
309,1.4GHz,145.4,+/-5.2,milliJy,1400000000.0,0.145,0.0052,0.0052,,,+/-5.20E-03,Jy,1998AJ....115.1693C,uncertainty,1.40   GHz,Broad-band measurement,13 44 42.21 +55 53 13.1 (J2000),Flux integrated from map,High peak,From new raw data
310,1.4 GHz (NVSS/FIRST),144.7,,milliJy,1400000000.0,0.145,,,,,,Jy,2018AJ....155..188L,no uncertainty reported,1.4 GHz,Broad-band measurement,206.175637 +55.887169 (J2000),Not reported in paper,,Averaged from previously published data
311,1.40 GHz,134.0,,milliJy,1400000000.0,0.134,,,,,,Jy,1992ApJS...79..331W,no uncertainty reported,1.4        GHz,Broad-band measurement,134253.5 +560826 (B1950),Peak flux,,From new raw data
312,1.4 GHz (WSRT),132.0,,milliJy,1400000000.0,0.132,,,,,,Jy,2017A&A...604A..43M,no uncertainty reported,1.4 GHz,Broad-band measurement,,Flux integrated from map,Also presented in 2015A&A...575A..44G,Averaged from previously published data
313,1.4 GHz (VLA),162.6,,milliJy,1400000000.0,0.163,,,,,,Jy,2002AJ....124..675C,no uncertainty reported,1.4   GHz,Broad-band measurement,,Flux integrated from map,,Averaged from previously published data
314,610 MHz (GMRT),0.222,+/-0.008,Jy,610000000.0,0.222,0.008,0.008,,,+/-8.00E-03,Jy,2010MNRAS.405..887C,uncertainty,610 MHz,Broad-band measurement,,Flux integrated from map,,From new raw data
315,365 MHz (Texas),0.335,+/-0.037,Jy,365000000.0,0.335,0.037,0.037,,,+/-3.70E-02,Jy,1996AJ....111.1945D,internal error,365        MHz,Broad-band measurement; obtained by interpolation over frequency,134251.532 560813.35 (B1950),Integrated from scans,Model:D;MFlag:+;EFlag:W;LFlag:+.,From new raw data
316,244 MHz (GMRT),0.394,+/-0.020,Jy,244000000.0,0.394,0.02,0.02,,,+/-2.00E-02,Jy,2010MNRAS.405..887C,uncertainty,244 MHz,Broad-band measurement,,Flux integrated from map,,From new raw data
317,151 MHz (6C),0.5,+/-0.040,Jy,152000000.0,0.5,0.04,0.04,,,+/-4.00E-02,Jy,1990MNRAS.246..256H,typical accuracy,151.5      MHz,Broad-band measurement,134252.4 560807. (B1950),Peak flux,,From new raw data
318,151 MHz (6C),0.58,+/-0.090,Jy,152000000.0,0.58,0.09,0.09,,,+/-9.00E-02,Jy,1990MNRAS.246..256H,typical accuracy,151.5      MHz,Broad-band measurement,134252.4 560807. (B1950),Flux integrated from map,,From new raw data
319,150 MHz (LOFAR),356.08513,+/-71.53736,milliJy,150000000.0,0.356,0.0715,0.0715,,,+/-7.15E-02,Jy,2017A&A...598A.104S,uncertainty,150 MHz,Broad-band measurement,206.17548 +55.88675 (J2000),Flux integrated from map,Unresolved,From new raw data
