Name_Id,id_from,RA,DEC,otype_txt,redshift,rvz_type,otypes,Ne_IR_info,SMB_sample
LEDA  165630,SIMBAD,212.3802375,5.192030555555555,Sy2,0.2644,z,IR |QSO|Sy2|G  |G  ,NeII|NeIII|NeV,0
ESO 362-18,SIMBAD,79.8992183368773,-32.6577565997709,Sy2,0.012582037670874296,c,Sy2|Sy1|Sy1|G  |Rad|Sy1|AGN|X  |IR |G  ,NeII|NeIII|NeV,23
3C 334,NED,245.0909104026793,17.6066535268064,Sy1,0.55517,z,QSO|QSO|QSO|*  |Rad|IR |QSO|Sy1|Rad|X  |G  |BH?,NeII|NeIII|NeV,100
ESO 323-77,SIMBAD,196.6088391140258,-40.4146094798244,Sy2,0.014904,z,G  |gam|Sy2|Sy1|G  |GiC|AGN|X  |IR |G  |GiG,NeII|NeIII|NeV,182
NGC  7479,SIMBAD,346.23611666666665,12.322877777777776,Sy2,0.007935,z,X  |HI |Sy2|G  |Sy2|AGN|Rad|IR |G  ,NeII|NeIII|NeV,341
M  81,SIMBAD,148.88822108929168,69.06529470194445,Sy2,-0.00014,z,QSO|AGN|X  |LIN|G  |Sy2|G  |X  |QSO|GiG|GiP|AGN|Rad|IR |LIN|*  ,NeII|NeIII|NeV,404
NGC  1241,SIMBAD,47.81098333333333,-8.92213888888889,Sy2,0.013574113505256058,v,EmG|HI |G  |Sy2|AGN|IR |*  |G  |IG |Rad|GiG,NeII|NeIII|NeV,412
NGC  3516,SIMBAD,166.6977485028398,72.5686637677137,Sy1,0.008816,z,X  |AGN|SyG|Sy1|Sy1|G  |G  |X  |QSO|Sy1|V* |AGN|IR |gam|GiG,NeII|NeIII|NeV,413
IRAS 15206+3342,SIMBAD,230.658765,33.526639,Sy2,0.1253,z,rG |QSO|Sy2|AGN|IR |Rad|G  ,NeII|NeIII|NeV,433
LEDA 1487448,SIMBAD,159.1581001907336,15.5449882812193,Sy2,0.19724,z,Sy2|AGN|G  |*  |G  |IR |G  ,NeII|NeIII|NeV,454
Mrk  937,SIMBAD,2.5415790108864,-4.7105368012131,Sy1,0.029366982941245307,c,G  |Rad|Sy1|AGN|IR |*  |X  |gam|G  ,NeII,615
ESO 297-18,SIMBAD,24.654754166666667,-40.01145277777778,Sy2,0.0252,z,Sy2|G  |UV |G  |Sy2|AGN|IR |X  ,NeII,628
IC  450,SIMBAD,103.05134720833334,74.42701044444445,Sy1,0.018676,z,AGN|Sy1|G  |G  |Sy1|AGN|X  |Rad|IR |gam|GiG,NeII|NeIII|NeV,648
Mrk  622,SIMBAD,121.9208193120945,39.0042395377511,Sy2,0.02335,z,G  |X  |Sy2|LIN|G  |Sy2|AGN|Rad|IR |G  ,NeII|NeIII|NeV,794
WISEA J035734.06-053719.6,NED,59.39166666666667,-5.622138888888888,Sy1,0.20373,z,Sy1|AGN,NeIII,862
2MASS J21035875-0728025,SIMBAD,315.9947689010359,-7.4673444849473,Sy1,0.13677,z,QSO|AGN|Sy1|G  |*  |rG |Rad|G  |G  |IR ,NeIII,1055
IRAS 15480-0344,SIMBAD,237.67300416666663,-3.888216666666667,Sy2,0.030128,z,X  |Rad|G  |Sy2|AGN|IR |G  ,NeII|NeIII|NeV,1115
Mrk  471,SIMBAD,215.7305563586774,32.8506568796374,Sy2,0.03419,z,AGN|X  |Sy1|AG?|Sy2|G  |Sy1|Q? |AGN|X  |Rad|IR |G  ,NeII|NeIII|NeV,1415
2MASS J00105486+0014510,SIMBAD,2.7285665059466657,0.2475874359122223,Sy1,0.24358,z,G  |Sy1|*  |IR |QSO|AGN,NeIII,1589
WISEA J005439.78+155447.2,NED,13.6658097674652,15.9130423436997,Sy1,0.23658,z,G  |*  |Sy1|AGN,NeIII,1592
LEDA  166692,SIMBAD,312.07187400000004,19.615568,Sy2,0.181,z,Sy2|AGN|IR |gam|G  ,NeII|NeIII|NeV,1871
NGC  4992,SIMBAD,197.273316,11.634124,Sy2,0.02515,z,AGN|X  |Sy2|X  |AG?|AGN|Sy2|G  |AGN|gam|X  |G  ,NeII,2267
3C 295,SIMBAD,212.83527916666668,52.202644444444445,Sy2,0.46169,z,Sy2|gam|Rad|Sy1|QSO|UV |AGN|BiC|G  |GiC|ClG|X  |ClG,NeII,2624
LEDA    3237,SIMBAD,13.7171605226371,25.4274954066715,Sy1,0.155,z,Sy1|QSO|Sy1|UV |IR |X  |G  |BH?,NeII,2851
Mrk  478,SIMBAD,220.5311305932347,35.4397054255263,Sy1,0.077,z,Sy1|QSO|Sy1|AGN|Rad|UV |IR |X  |AGN|G  |gam|BH?,NeII|NeIII|NeV,2852
NGC  1125,SIMBAD,42.91791666666667,-16.65111111111111,Sy2,0.011024,z,X  |Sy2|G  |Sy2|AGN|IR |*  |G  ,NeII|NeIII,2949
Mrk  279,SIMBAD,208.2643151881125,69.3081696313859,Sy1,0.030601,z,X  |AGN|Sy1|G  |QSO|Sy1|AGN|UV |IR |X  |G  |gam,NeII|NeIII|NeV,2966
Mrk 1502,SIMBAD,13.3955527336995,12.6933130999079,Sy1,0.06,z,Sy1|G  |Sy1|V* |AGN|UV |X  |IR |gam|blu|AGN|G  |QSO,NeII|NeIII|NeV,2988
PB  3894,SIMBAD,183.5736404182991,14.0536618128976,Sy1,0.081,z,G  |IR |Sy1|AGN|AGN|QSO|AGN|X  |UV |*  |gam|GiC|BH?,NeII|NeIII|NeV,2989
3C 098,NED,59.7268271349367,10.4341168422144,Sy2,0.0309325926265982,v,Sy2|G  |Sy2|AGN|Rad|G  |X  ,NeV,2994
NGC  2992,SIMBAD,146.4251875,-14.32636111111111,Sy2,0.007295641250069318,v,HI |Sy2|Sy2|Sy2|G  |Rad|Sy1|AGN|IR |gam|G  |X  |Sy2|IG ,NeII|NeIII|NeV,3594
NGC  2110,SIMBAD,88.0474002895251,-7.4562472032249,Sy2,0.007579,z,Sy2|Sy2|Sy2|G  |Sy2|AGN|X  |IR |G  |gam|Rad,NeII|NeIII|NeV,3664
UGC  3351,SIMBAD,86.44931666666668,58.70106388888888,Sy2,0.014972353753021528,v,G  |G  |Sy2|AGN|IR |G  |Rad|smm,NeII|NeIII|NeV,3710
NGC   788,SIMBAD,30.2769262401459,-6.8158739492674,Sy2,0.013696532626885194,v,G  |Sy2|G  |G  |X  |Sy2|Q? |AGN|IR |gam|GiG,NeII|NeIII|NeV,3768
NGC  4235,SIMBAD,184.2911850951532,7.19157363632,Sy1,0.00742,z,X  |HI |Sy1|Sy1|G  |QSO|Sy1|AGN|Rad|IR |gam|X  |G  |GiG,NeII|NeIII|NeV,3772
NGC  6860,SIMBAD,302.1953630353719,-61.0999393167676,Sy1,0.015247214791507532,c,cm |Sy1|Sy1|G  |Sy1|AGN|IR |X  |G  ,NeII|NeIII|NeV,3773
Mrk  520,SIMBAD,330.1723040795791,10.552235981304,Sy1,0.027259,z,Sy2|Sy1|G  |Sy1|AGN|X  |IR |IG |G  ,NeII,3844
MCG+04-48-002,SIMBAD,307.1460874999999,25.73338333333334,Sy2,0.014810245826797951,c,AGN|GiG|Sy2|Sy2|G  |Sy2|gam|G  |X  ,NeII|NeIII|NeV,3884
ICRF J145907.5+714019,SIMBAD,224.7815963210875,71.672185392584,Sy1,0.904499,z,Bla|Bla|X  |QSO|Rad|Bz?|Rad|QSO|Sy1|IR |G  |X  |Rad|QSO|*  |UV ,NeII|NeIII|NeV,4057
2E  2503,SIMBAD,174.9876055817422,65.7970784688063,Sy1,0.652,z,X  |Rad|Rad|QSO|Sy1|UV |IR |G  |X  |Rad|*  |BH?,NeII|NeIII|NeV,4137
MCG+00-29-023,SIMBAD,170.3010875,-2.984166666666667,Sy2,0.0247,z,Sy2|G  |G  |G  |AGN|IR |*  |LIN|G  |GiG,NeII|NeIII|NeV,4143
Z 218-7,SIMBAD,200.951874,43.301183,Sy2,0.02734,z,Rad|rG |AG?|SyG|Sy2|G  |Sy2|EmG|IR |G  ,NeII|NeIII|NeV,4280
Mrk  463E,SIMBAD,209.012025,18.3719,Sy2,0.05131629180871311,v,Sy2|AGN|PoG|G  ,NeII|NeIII|NeV,4435
LEDA   27453,SIMBAD,144.5562158933197,54.473604673889,Sy2,0.10212,z,H2G|SBG|*  |G  |QSO|Sy2|AGN|G  |H2G|PoG|HII,NeIII,4593
IRAS 07598+6508,SIMBAD,121.1269346146067,64.9979974245922,Sy1,0.148603,z,X  |IR |QSO|Sy1|AGN|*  |G  ,NeII,4596
NGC  4151,SIMBAD,182.6357382282221,39.4058493687009,Sy1,0.003262,z,G  |IR |X  |AGN|SyG|Sy1|Sy1|G  |QSO|Sy1|GiP|V* |AGN|*  |Rad|X  |gam|G  |GiG,NeII|NeIII|NeV,4608
NGC  1365,SIMBAD,53.40190833333333,-36.14065833333333,Sy1,0.005475769605340908,v,HI |BiC|BiC|AGN|Sy2|Sy1|G  |Sy1|AGN|Rad|X  |IR |EmG|G  |IG |smm|GiG,NeII|NeIII|NeV,4611
2XMM J101756.8+390526,SIMBAD,154.487062351183,39.0911109858141,Sy2,0.05398,z,G  |X  |AGN|IR |G  |G  |AGN|AGN|Sy2|*  ,NeV,4656
3C  84,SIMBAD,49.9506656698585,41.5116983765094,Sy2,0.017558813971230724,c,G  |SyG|AGN|Bz?|UV |Bla|Sy2|Sy2|Bz?|G  |*  |G  |Bla|QSO|GiC|Sy1|rG |V* |AGN|X  |IR |Sy2|Rad|gam|G  |QSO|BiC|smm|GiG,NeII|NeIII|NeV,4660
ESO 141-55,SIMBAD,290.3089465854363,-58.6702726757513,Sy1,0.03710900559079442,c,AGN|Sy1|Sy1|G  |Sy1|AGN|IR |UV |X  |gam|G  ,NeII|NeIII|NeV,4674
MCG+10-17-021,SIMBAD,173.9545469154894,56.9523069553181,Sy2,0.05141,z,Rad|SyG|AGN|G  |Sy2|rG |Sy2|AGN|IR |G  ,NeII|NeIII|NeV,4686
Mrk  509,SIMBAD,311.0406267213892,-10.7235346816901,Sy1,0.03407575862939649,v,G  |AGN|Sy1|Sy1|Sy1|G  |Sy1|V* |AGN|IR |X  |G  |gam|QSO|BH?,NeII|NeIII|NeV,4689
NGC  7591,SIMBAD,349.5677846702363,6.5858641844839,SyG,0.016635768586959365,v,LIN|*  |G  |SyG|AGN|IR |G  |GiG,NeII|NeIII|NeV,4691
Mrk  493,SIMBAD,239.7900951356692,35.0298800005511,Sy1,0.03102,z,AGN|AGN|X  |QSO|*  |Sy1|G  |Rad|Sy1|AGN|IR |UV |AGN|X  |G  |GiG,NeII|NeIII|NeV,4729
Mrk 1239,SIMBAD,148.07986666666667,-1.61225,Sy1,0.019596890592891433,c,G  |Sy1|AGN|X  |IR |AGN|UV |AGN|G  ,NeII|NeIII|NeV,4730
Mrk  231,SIMBAD,194.0593087455582,56.8736773764425,Sy1,0.04146535267408228,c,G  |*  |G  |QSO|Sy1|AGN|IR |Rad|G  |Mas|X  |gam|QSO,NeII|NeIII|NeV,4733
NGC  3079,SIMBAD,150.49084758333333,55.679789666666665,Sy2,0.003766,z,X  |Sy2|Sy2|G  |Sy2|AGN|X  |IR |Rad|G  |GiG,NeII|NeIII|NeV,4741
NGC  4355,SIMBAD,186.72761666666665,-0.8776416666666668,Sy2,0.00708,z,IR |G  |G  |G  |HI |G  |Sy2|GiP|AGN|IR |*  |G  |smm|GiG,NeII,4775
IRAS 13342+3932,SIMBAD,204.1002587089348,39.2919734129709,Sy1,0.178992,z,QSO|QSO|Sy1|QSO|Rad|AGN|G  |IR ,NeII|NeIII|NeV,4799
WISEA J165939.77+183436.7,NED,254.9156941038306,18.5768838681959,Sy1,0.17078,z,IR |AGN|X  |Sy1|QSO|QSO|Sy1|AGN,NeII|NeIII|NeV,4817
Mrk  876,SIMBAD,243.4882465863319,65.7194316360182,Sy1,0.13851185963947543,v,X  |AGN|Sy1|Sy1|Sy1|UV |X  |G  |QSO|IR ,NeII|NeIII|NeV,4896
MCG+13-07-002,SIMBAD,131.1887500982981,76.88596300565371,Sy1,0.131344,z,QSO|Sy1|AGN|UV |IR |*  |X  |G  ,NeII|NeIII|NeV,4903
NGC   253,SIMBAD,11.888058333333332,-25.2888,SyG,0.0008636368125056748,v,HI |cm |AGN|G  |G  |G  |SyG|AGN|IR |Rad|EmG|X  |gam|GiG,NeII|NeIII|NeV,4919
3C 286,SIMBAD,202.7845354419433,30.509155784751947,Sy1,0.849,z,QSO|AGN|X  |Rad|QSO|QSO|QSO|QSO|QSO|QSO|Rad|Rad|IR |X  |Rad|G  |Q? |Sy1|QSO|*  |UV ,NeII|NeIII|NeV,4925
NGC  3982,SIMBAD,179.11724199999998,55.125234000000006,Sy1,0.00371,z,G  |G  |G  |HI |G  |Sy1|AGN|X  |IR |Rad|G  |GiG,NeII|NeIII|NeV,4927
ICRF J182931.7+484446,SIMBAD,277.382422000699,48.7461552266057,Sy1,0.691999,z,Bla|QSO|X  |Bla|AGN|QSO|Rad|Bz?|*  |gam|Rad|IR |QSO|Sy1|G  |Rad|X  |QSO,NeII|NeIII|NeV,4928
ESO 428-14,SIMBAD,109.1300279347379,-29.3246941623659,Sy2,0.005554,z,*  |G  |Sy2|Em*|AGN|IR |PN |G  |GiG,NeII|NeIII|NeV,4931
NGC  5728,SIMBAD,220.5997,-17.253169444444442,Sy2,0.009467,z,X  |Sy2|Sy2|G  |Rad|Sy2|AGN|*  |X  |IR |G  |GiG,NeII|NeIII|NeV,4932
2MASX J00535615-7038045,SIMBAD,13.483966666666666,-70.63460555555557,Sy2,0.069615,z,*  |Sy2|X  |AGN|G  |Rad|Sy2|AGN|IR |G  ,NeII|NeIII|NeV,4933
UGC  1841,SIMBAD,35.79754683333333,42.99205111111111,Sy1,0.021064572611763303,c,G  |gam|*  |G  |GiC|QSO|Sy1|rG |AGN|Rad|X  |G  ,NeV,5392
LEDA    1790,SIMBAD,7.3070884503004,13.2677630213332,Sy1,0.142,z,G  |QSO|*  |QSO|Sy1|UV |Rad|IR |X  |BH?,NeII|NeIII|NeV,5414
Ton  951,SIMBAD,131.9268695894714,34.7512453092859,Sy1,0.064,z,AGN|AGN|QSO|Sy1|AGN|UV |IR |*  |X  |blu|gam|G  ,NeV,5415
NGC  4748,SIMBAD,193.051938521749,-13.4147952158869,Sy1,0.013753,z,IR |Rad|X  |Sy1|G  |Sy1|AGN|*  |X  |G  |GiG,NeII|NeIII|NeV,5417
FAIRALL 0049,NED,279.2426435434692,-59.4023023140818,Sy2,0.020020516993793088,c,cm |Sy2|Sy2|G  |Sy2|AGN|Rad|IR |X  |gam|G  ,NeII|NeIII|NeV,5419
NGC  3281,SIMBAD,157.96702499999998,-34.85372222222223,Sy2,0.010731631725569235,v,BiC|BiC|Sy2|Sy2|G  |Rad|X  |GiG|Sy2|AGN|IR |gam|G  ,NeII|NeIII|NeV,5421
NGC  5995,SIMBAD,237.1039528963345,-13.7575718540006,Sy2,0.025350871235059556,c,Sy2|Sy2|G  |Rad|Sy2|AGN|IR |gam|X  |G  ,NeII|NeIII|NeV,5422
WISEA J130005.34+163214.8,NED,195.0222824159949,16.537426937235,Sy1,0.07993,z,X  |G  |Sy1|AGN|IR |G  |Rad|Sy1,NeII|NeIII|NeV,5435
2MASX J18334627+4727027,SIMBAD,278.442894212241,47.4507134316283,Sy1,0.160705,z,*  |QSO|Sy1|AGN|Rad|G  ,NeII|NeIII|NeV,5437
2E   437,SIMBAD,24.1017525068828,20.9576453099562,Sy1,0.425,z,QSO|Sy1|IR |G  |X  |Rad|AGN|*  |UV ,NeII,5438
Mrk  877,SIMBAD,245.0470000061806,17.4076427961057,Sy1,0.112,z,*  |QSO|Sy1|UV |IR |X  |G  ,NeII|NeV,5459
3C 033,NED,17.2202921856418,13.3372938323548,Sy2,0.059615,z,Sy2|Sy2|Sy2|AGN|Rad|G  |X  ,NeII|NeIII|NeV,5617
NGC  3393,SIMBAD,162.0977791666667,-25.162027777777777,Sy2,0.012575037748216333,v,X  |HI |Sy2|G  |GiC|Sy2|AGN|IR |EmG|Rad|G  |GiG,NeIII|NeV,5618
IC 1816,SIMBAD,37.9624348328282,-36.6721504218361,Sy2,0.017052,z,X  |Sy2|G  |G  |Rad|Sy2|AGN|*  |IR ,NeII|NeIII|NeV,5621
Mrk 1506,SIMBAD,68.2962325822305,5.354338206573,Sy1,0.03357276087555472,v,smm|AGN|G  |Bz?|Rad|rG |Bla|X  |AGN|Sy1|Sy1|Sy1|Bz?|Rad|Bla|QSO|Sy1|V* |IR |X  |Rad|G  |AGN|gam|QSO|*  ,NeII|NeIII|NeV,5670
Mrk 1014,SIMBAD,29.9593872297909,0.3946872917596,Sy1,0.16349,z,AGN|QSO|AGN|X  |QSO|QSO|Sy1|QSO|AGN|QSO|Sy1|EmO|UV |Rad|X  |IR |G  |GiC|*  ,NeII|NeIII|NeV,5722
Mrk  771,SIMBAD,188.0150934367254,20.1581932893276,Sy1,0.06373,z,AGN|Sy1|G  |QSO|Sy1|AGN|IR |UV |X  |blu|G  ,NeII|NeIII|NeV,5727
Mrk  304,SIMBAD,334.3010993178031,14.239144042798,Sy1,0.066293,z,QSO|G  |*  |QSO|Sy1|AGN|UV |X  |IR |G  ,NeII|NeIII|NeV,5729
Mrk 1513,SIMBAD,323.1159013272263,10.1386807515712,Sy1,0.06199,z,*  |Sy1|AGN|UV |X  |IR |G  |QSO,NeII|NeIII|NeV,5730
2MASS J14294306+4747262,SIMBAD,217.4294752646648,47.7906153683504,Sy1,0.220706,z,IR |X  |AGN|X  |QSO|X  |Sy1|QSO|Rad|UV |blu|QSO|BH?,NeII,5733
2MASX J10181928+3722419,SIMBAD,154.5801685323398,37.3784330104906,Sy2,0.04932,z,G  |AG?|Sy2|Sy2|AGN|IR ,NeII|NeIII|NeV,5827
2MASX J14323249+3406257,SIMBAD,218.1354156367204,34.1070585359021,Sy2,0.0424,z,Sy2|AGN|Sy2|AG?|Sy2|*  |AGN|EmG|G  ,NeII|NeIII,5836
Mrk 1383,SIMBAD,217.2773827052777,1.2850433283204,Sy1,0.086,z,X  |AGN|Sy1|G  |Sy1|AGN|UV |IR |X  |G  |QSO,NeII|NeIII|NeV,5875
SDSS J040208.86-050642.0,SIMBAD,60.536954,-5.111694,Sy1,0.13929,z,AGN|Sy1|G  |G  |G  ,NeIII,5959
3C 452,SIMBAD,341.4532791666667,39.6876,Sy2,0.081086,z,Sy2|Rad|IR |QSO|Sy2|AGN|Rad|G  |X  ,NeII|NeIII|NeV,5968
MCG-03-34-064,SIMBAD,200.6020208333333,-16.728358333333333,Sy2,0.017092,z,Sy2|Sy2|G  |Sy1|Sy2|AGN|Rad|*  |IR |gam|G  |X  ,NeII|NeIII|NeV,6017
ESO 434-40,SIMBAD,146.9172274539869,-30.9488776368634,Sy2,0.008226,z,Sy1|Sy2|Sy2|Sy2|Sy2|Sy2|*  |G  |Sy2|SyG|AGN|X  |gam|EmG|G  |GiG,NeII|NeIII|NeV,6018
4C 13.41,SIMBAD,151.8587357197524,12.8156078252726,Sy1,0.24074,z,IR |G  |UV |QSO|X  |X  |AGN|QSO|Sy1|QSO|Rad,NeII|NeV,6498
NGC  4593,SIMBAD,189.9143481338243,-5.3441763966997,Sy1,0.008343890665418963,v,Rad|X  |Sy1|Sy1|G  |QSO|Sy1|AGN|IR |X  |gam|G  |GiG,NeII|NeIII|NeV,6805
NGC   931,SIMBAD,37.0602877010324,31.3115187984105,Sy1,0.016338,z,Rad|G  |Sy1|Sy1|G  |QSO|Sy1|AGN|X  |IR |gam|GiG|IG ,NeII|NeIII|NeV,6821
2MASX J21564950-0745325,SIMBAD,329.2062666666666,-7.759044444444445,Sy2,0.05536,z,X  |AGN|Sy2|SyG|Rad|rG |G  ,NeV,6824
2MASS J13234951+6541480,SIMBAD,200.9563263875194,65.6967128221156,Sy1,0.1678,z,IR |AGN|QSO|Sy1|UV |*  |X  |BH?,NeII,6942
IC 3078,SIMBAD,184.0001840816616,12.6872905880063,Sy1,0.06614,z,AGN|X  |G  |Sy1|LIN|*  |rG |G  |QSO|AGN|Rad|IR |G  ,NeIII,6949
LEDA   29208,SIMBAD,151.0839073552646,5.2167769271617,Sy1,0.16012,z,G  |IR |QSO|AGN|X  |Sy1|QSO|QSO|AGN|QSO|Sy1|UV |X  |BH?,NeII|NeV,7084
ICRF J134733.3+121724,SIMBAD,206.8890067309167,12.29006673811111,Sy2,0.12118,z,GiP|PoG|Sy2|X  |G  |gam|Rad|IR |UV |AGN|Sy1|rG |BiC|BiC|QSO|*  ,NeII|NeIII|NeV,7369
NGC  7743,SIMBAD,356.0881612203378,9.9341583693581,Sy2,0.005644,z,G  |*  |G  |Sy2|AGN|IR |G  ,NeII|NeIII|NeV,7479
LEDA   90429,SIMBAD,354.75530833333323,36.35243611111111,SyG,0.064531,z,SyG|AGN|IR |G  ,NeII|NeIII|NeV,7494
LEDA   70560,SIMBAD,347.1414671620645,5.3582677277076,Sy2,0.173,z,QSO|*  |QSO|Sy2|AGN|IR |gam|G  ,NeII|NeIII|NeV,7495
LEDA   52314,SIMBAD,219.5673465746783,-6.9724062561421,Sy1,0.129,z,IR |*  |G  |QSO|Sy1|UV |X  |AGN,NeII|NeV,7538
M  94,SIMBAD,192.72145,41.120152777777776,SyG,0.0009573289532186965,c,AGN|G  |G  |G  |G  |SyG|AGN|Rad|IR |X  |G  |GiG,NeII|NeIII|NeV,7624
ESO 323-32,SIMBAD,193.3346219822749,-41.6356313956091,Sy2,0.015941,z,X  |Sy2|*  |G  |Sy2|GiC|Sy1|AGN|IR |G  |GiG,NeII,7698
Mrk  463,SIMBAD,209.0121,18.3718,Sy2,0.050382,z,Sy1|G  |Sy2|AGN|X  |IR |Rad|gam|G  ,NeV,7797
NGC  4388,SIMBAD,186.4450833333333,12.662069444444445,Sy2,0.00856,z,X  |Sy2|Sy2|G  |HI |Sy2|AGN|Rad|X  |IR |gam|GiC|G  |HI |smm|GiG,NeII|NeIII|NeV,7812
M  88,SIMBAD,187.9967333333333,14.420411111111113,Sy2,0.007602,z,GiG|HI |GiC|gam|X  |IR |AGN|Sy2|G  |G  |G  |G  |Rad,NeII|NeIII|NeV,7813
NGC  5033,SIMBAD,198.36472916666668,36.59365,Sy1,0.002838630450136274,c,GiG|smm|GiC|X  |IR |AGN|Sy1|Sy2|G  |GiP|HI |G  |Rad,NeII|NeIII|NeV,7817
ESO  33-2,SIMBAD,73.9955180976356,-75.5411921193651,Sy2,0.018426,z,Sy2|Sy2|G  |Sy2|AGN|*  |IR |X  |gam|G  |GiG,NeII|NeIII|NeV,8035
LEDA   90054,SIMBAD,105.8510503847284,-60.2562404904673,Sy2,0.031572,z,X  |*  |G  |QSO|Sy2|AGN|IR |G  |GiG,NeV,8036
WISEA J124819.76+662142.6,NED,192.0823984186054,66.36181117053889,Sy1,0.26,z,Sy1|AGN,NeIII,8075
Mrk  334,SIMBAD,0.7900421993242,21.9602646692546,Sy1,0.022049,z,G  |Sy1|EmG|AGN|X  |IR |*  |IG |G  ,NeII|NeIII|NeV,8130
Mrk  273,SIMBAD,206.175684,55.887093,Sy2,0.03734,z,IG |gam|X  |IR |AGN|Sy2|SyG|Sy1|G  |rG |G  |Rad,NeII|NeIII|NeV,8133
2MASX J08584172+1041223,SIMBAD,134.6740000945038,10.6894513470143,Sy2,0.14803,z,Rad|X  |Sy2|rG |rG |QSO|Sy2|AGN|IR |G  ,NeII|NeIII|NeV,8175
2MASSI J0918486+211717,SIMBAD,139.7025483898785,21.288075109967,Sy1,0.14903,z,IR |X  |AGN|QSO|X  |AGN|AGN|Sy1|Sy1|AGN|QSO,NeII|NeIII|NeV,8266
ESO 420-13,SIMBAD,63.457079166666674,-32.007,Sy2,0.011935,z,G  |Sy2|AGN|IR |*  |G  ,NeII|NeV,8323
IRAS F08216+3009,SIMBAD,126.1803643248406,29.9898649975916,Sy2,0.02542,z,AGN|G  |AG?|AGN|Sy2|IR |Sy2|AGN|Rad|G  ,NeII|NeIII|NeV,8333
Mrk  817,SIMBAD,219.0920083646345,58.7942765018961,Sy1,0.15838,z,X  |Sy1|Sy1|rG |G  |Sy1|AGN|Rad|UV |X  |IR |G  |QSO,NeII|NeIII|NeV,8416
ICRF J130533.0-103319,SIMBAD,196.3875621297486,-10.5553973862976,Sy1,0.2784,z,QSO|Bla|Rad|Bla|X  |cm |QSO|Rad|QSO|Bla|G  |QSO|Sy1|AGN|*  |UV |IR |Rad|X  |AGN|QSO|BH?,NeII|NeIII|NeV,8418
NGC   612,SIMBAD,23.490629,-36.493279,Sy2,0.029911,z,QSO|HI |cm |Sy2|AGN|Sy2|rG |G  |G  |QSO|rG |Rad|IR |*  |X  |GiG,NeII,8526
NGC  1058,SIMBAD,40.8751030180145,37.3413354842991,Sy2,0.0017293573493151193,v,G  |G  |*  |G  |Sy2|V* |AGN|IR |G  |GiG,NeII|NeV,8527
4C 23.43,SIMBAD,246.1628486955644,23.7533949529095,Sy1,0.92715,z,IR |AGN|X  |Rad|QSO|QSO|*  |Rad|X  |Bla|G  |Sy1,NeII|NeIII|NeV,8558
NGC  6890,SIMBAD,304.5754370634793,-44.8068701865797,Sy2,0.008,z,*  |G  |Sy2|AGN|IR |G  |GiG,NeII|NeIII|NeV,8562
NGC  2622,SIMBAD,129.5455679438953,24.8952892246554,Sy1,0.02866,z,G  |AGN|AGN|X  |G  |Sy1|QSO|Sy1|AGN|IR |Rad|X  |G  |GrG|GiG,NeII|NeIII|NeV,8594
IC 4518A,SIMBAD,224.41875,-43.13166666666667,Sy2,0.016568128608492213,c,gam|X  |AGN|Sy2|Sy2|G  ,NeII|NeIII|NeV,8613
PG 0953+414,SIMBAD,149.21830452150294,41.256170042771664,Sy1,0.2341,z,*  |QSO|QSO|Sy1|IR |UV |gam|X  |BH?,NeII|NeV,8622
Ton  1565,SIMBAD,198.0739694368766,35.2558576789835,Sy1,0.18295,z,IR |Bla|Bla|X  |QSO|QSO|QSO|Sy1|QSO|Rad|QSO|Sy1|Q? |UV |X  |Rad|blu|*  |gam|GiC|BH?,NeII|NeV,8624
Ton  1388,SIMBAD,169.7861608931266,21.3216629324693,Sy1,0.176,z,X  |AGN|QSO|AGN|QSO|QSO|QSO|Sy1|IR |*  |UV |X  |gam|blu|GiC|BH?,NeII|NeV,8632
2MASS J14025120+2631175,SIMBAD,210.713327430111,26.5215422585678,Sy1,0.18748,z,G  |IR |AGN|QSO|QSO|AGN|Sy1|*  |QSO|QSO|X  ,NeII|NeIII|NeV,8670
IRAS 17002+5153,SIMBAD,255.3534447553731,51.8223464238128,Sy1,0.292,z,Rad|QSO|QSO|Sy1|*  |G  |UV |IR |gam|AGN,NeII|NeV,8723
IRAS 15091-2107,SIMBAD,227.9991871186362,-21.3170932191826,Sy1,0.04445742260800971,c,Sy1|Sy1|G  |Rad|Sy1|AGN|IR |X  |G  ,NeII|NeIII|NeV,8847
ESO  12-21,SIMBAD,10.1919855554306,-79.2400378292971,Sy1,0.033396756044708376,v,G  |*  |G  |Sy1|AGN|X  |IR |G  ,NeII|NeIII|NeV,8933
UGC 12138,SIMBAD,340.0710862580025,8.0537550326207,Sy1,0.024927244834157904,c,Sy2|Sy1|G  |Sy1|AGN|IR |Em*|X  |G  |GiG,NeII|NeIII|NeV,9017
LEDA   75476,SIMBAD,89.5085694717623,-38.3345704215169,Sy1,0.03397,z,gam|Sy1|AGN|Sy1|G  |Sy1|AGN|IR |X  |G  ,NeII|NeIII|NeV,9077
SDSS J231812.99-004126.1,SIMBAD,349.55414583333334,-0.6905833333333333,Sy1,0.25167,z,Sy1|AGN|G  |G  |G  ,NeIII,9150
Mrk    9,SIMBAD,114.2376106313552,58.7703977409415,Sy1,0.006321039604004982,c,Rad|AGN|Sy1|G  |QSO|Sy1|AGN|IR |X  |G  ,NeII|NeIII|NeV,9186
NGC  5135,SIMBAD,201.43357916666665,-29.833677777777776,Sy2,0.013754365725423101,v,HI |G  |G  |GiC|Sy2|AGN|IR |UV |X  |Rad|G  |smm|GiG,NeII|NeIII|NeV,9250
ESO 140-43,SIMBAD,281.2249557009993,-62.3646865952261,Sy1,0.014360633537977563,v,HI |AGN|Sy1|Sy1|G  |Sy1|PaG|AGN|X  |IR |GiC|G  |GiG,NeII|NeIII|NeV,9254
NGC  7410,SIMBAD,343.75393750000006,-39.661369444444446,Sy2,0.005581,z,G  |G  |Rad|Sy2|PaG|AGN|IR |GiG,NeII|NeV,9255
ESO 198-24,SIMBAD,39.5821524611343,-52.1923183399644,Sy1,0.045251,z,IR |AGN|Sy1|G  |Sy1|AGN|X  |gam|G  ,NeII,9277
IC 1065,SIMBAD,222.3399671457893,63.2705045482658,Sy2,0.04168,z,X  |AGN|X  |Sy1|SyG|Sy2|rG |G  |G  |QSO|Sy2|AGN|IR |Rad,NeII|NeIII|NeV,9470
Mrk  335,SIMBAD,1.5814048094775,20.2029492933497,Sy1,0.025418,z,Sy1|Sy1|G  |Sy1|V* |EmG|AGN|UV |IR |X  |gam|G  |QSO|BH?,NeII|NeIII|NeV,9472
NGC   513,SIMBAD,21.111689660536,33.7995070240553,Sy2,0.01956,z,X  |GiG|IR |AGN|GiC|Sy2|G  |Rad,NeII|NeIII|NeV,9514
NGC  1204,SIMBAD,46.1661913236359,-12.3413858678981,Sy2,0.014513,z,G  |Sy2|AGN|IR |*  |G  |GiG,NeII|NeIII|NeV,9522
ESO 383-35,SIMBAD,203.9740362121414,-34.2955942021102,Sy1,0.0075785762429020145,c,AGN|Sy1|Sy1|Sy1|G  |Sy1|AGN|IR |X  |gam|G  |GiG,NeII|NeIII|NeV,9533
Mrk  618,SIMBAD,69.092910388387,-10.3761075979544,Sy1,0.035157655633885225,c,AGN|Sy1|G  |QSO|Sy1|AGN|*  |X  |IR |G  |GiC,NeII|NeIII|NeV,9562
Mrk  863,SIMBAD,239.1079377989658,9.0551689745211,Sy1,0.04249,z,Q? |AGN|AGN|X  |G  |Sy1|QSO|*  |G  |AGN|X  |IR |G  ,NeIII,9566
NGC  7682,SIMBAD,352.2662333333334,3.533333333333333,Sy2,0.017078,z,X  |Rad|Sy2|G  |Sy2|GiP|AGN|IG |G  |GrG,NeII|NeIII|NeV,9568
NGC  1320,SIMBAD,51.2028765448223,-3.0422558909371,Sy2,0.009,z,G  |Sy2|AGN|X  |*  |G  |IR |UV |AGN|GiG,NeII|NeIII|NeV,9603
UGC  3601,SIMBAD,103.9563777576975,40.0003107746552,Sy1,0.017202,z,X  |Sy1|G  |Sy1|AGN|G  |GiG,NeII|NeIII|NeV,9608
NGC  1667,SIMBAD,72.15502083333332,-6.319852777777777,Sy2,0.015204,z,X  |G  |G  |Sy2|AGN|IR |G  |gam|Rad|smm|GiG,NeII|NeIII|NeV,9699
M  84,SIMBAD,186.2655972083333,12.886983138888889,Sy2,0.00327,z,G  |G  |G  |GiC|Sy2|AGN|IR |Rad|X  |GiG|G  |smm,NeV,9776
NGC  4074,SIMBAD,181.1236150399394,20.316284216023,Sy2,0.02262,z,Sy2|Sy2|Sy1|AGN|G  |G  |X  |Sy2|AGN|G  |GiC|GrG|GiG,NeII,9781
LEDA 1365424,SIMBAD,189.6809503174969,9.4601672514668,Sy2,0.08292,z,Sy2|G  |GiG|AGN|X  |X  |Sy1|*  ,NeII|NeIII|NeV,9786
NGC  3735,SIMBAD,173.9888625,70.53559166666666,Sy2,0.00901,z,X  |G  |G  |G  |Sy2|AGN|IR |Rad|G  ,NeII|NeIII|NeV,9788
MCG-01-24-012,SIMBAD,140.1927599209277,-8.056093125654,Sy2,0.019827,z,Sy2|Sy2|G  |Rad|G  |Sy2|AGN|X  |IR |gam,NeII|NeIII|NeV,9878
ICRF J015002.6-072548,SIMBAD,27.511237320880905,-7.4301317754134,Sy2,0.017665554481694132,c,IR |*  |G  |Sy2|AGN|X  |Rad|G  |GiC,NeII|NeIII|NeV,9897
NGC  2639,SIMBAD,130.90872083333335,50.20553888888889,Sy1,0.010739386946538643,v,LIN|G  |G  |Sy1|AGN|X  |IR |Rad|G  |gam|GiG,NeII|NeIII|NeV,9900
Mrk 1457,SIMBAD,176.8400889220023,52.4495816275962,Sy2,0.04867,z,Rad|AG?|rG |AGN|Sy2|G  |rG |Sy2|AGN|IR |G  ,NeII|NeIII|NeV,9902
Mrk  841,SIMBAD,226.0049729491593,10.4377163171815,Sy1,0.036421863554686226,c,AGN|Sy1|G  |QSO|Sy1|AGN|UV |IR |X  |gam|G  ,NeII|NeIII|NeV,9926
NGC  5990,SIMBAD,236.5683,2.41551,Sy2,0.012558688184210425,c,G  |rG |G  |rG |G  |G  |Sy2|AGN|Rad|IR |G  |smm|GiG,NeII|NeIII|NeV,10264
ESO 445-50,SIMBAD,207.3302530340835,-30.3095067046753,Sy1,0.016131159643782634,c,AGN|Sy1|Sy1|Sy1|G  |Rad|GiC|Sy1|AGN|IR |X  |gam|G  |GiG,NeII|NeIII|NeV,10272
Mrk 1298,SIMBAD,172.3197039218491,-4.4020126103031,Sy1,0.06,z,*  |V* |G  |QSO|Sy1|AGN|UV |IR |AGN|G  ,NeII|NeV,10434
Mrk 1095,SIMBAD,79.0475390669847,-0.1497663262717,Sy1,0.03229567569708508,c,G  |Y*O|Rad|Sy1|Sy1|G  |Sy1|V* |AGN|IR |G  |QSO|X  |gam|GiC,NeII|NeIII|NeV,10449
M  49,SIMBAD,187.44499166666665,8.000411111111111,Sy2,0.00317,z,UV |G  |G  |G  |GiC|Sy2|AGN|Rad|X  |gam|G  |BiC|GiG,NeV,10461
Z 121-75,SIMBAD,140.929169264947,22.9090470088327,Sy1,0.03322,z,AGN|Sy1|Sy1|G  |Rad|Sy1|AGN|G  |GrG|X  |GiG,NeII|NeIII|NeV,10466
IRAS 04385-0828,SIMBAD,70.2290040878445,-8.3728133185367,Sy2,0.015064,z,*  |G  |Sy2|AGN|IR |G  |GiG,NeII|NeIII|NeV,10491
NGC  4253,SIMBAD,184.6104813497638,29.8129218528984,Sy1,0.01271,z,Sy1|Sy1|G  |G  |Rad|QSO|Sy1|Q? |AGN|IR |X  |AGN|gam|G  |GiC|GiG,NeII|NeIII|NeV,10493
NGC  4602,SIMBAD,190.15353333333329,-5.13301111111111,Sy2,0.008532612492868408,v,IR |AGN|Sy2|HI |G  |G  |G  |GiG,NeII|NeV,10496
NGC   185,SIMBAD,9.741541666666665,48.33737777777778,Sy2,-0.0006795727165286314,v,G  |*  |QSO|Sy2|AGN|IR |G  |GiG,NeV,10516
NGC  2685,SIMBAD,133.8946067771627,58.734410499683904,Sy2,0.002915,z,X  |G  |*  |G  |Sy2|AGN|IR |G  ,NeV,10538
NGC  3081,SIMBAD,149.8730983523519,-22.8263188948136,Sy2,0.008039522026415113,v,HI |Sy2|Sy2|*  |G  |Rad|Sy2|Sy1|AGN|X  |gam|G  |GiG,NeII|NeIII|NeV,10539
NGC  2273,SIMBAD,102.5361352364603,60.8457999415399,Sy2,0.006151,z,G  |*  |G  |Sy2|AGN|IR |Rad|G  |X  |gam|GiG,NeII|NeIII|NeV,10541
NGC  4051,SIMBAD,180.7900411787163,44.5313038096127,Sy1,0.002164830977836007,c,GiG|smm|gam|Em*|*  |IR |UV |AGN|V* |X  |X  |Sy1|Sy1|G  |G  |Rad,NeII|NeIII|NeV,10542
NGC  6221,SIMBAD,253.1930375,-59.21694166666668,Sy2,0.005012018667422069,v,Sy2|Sy2|G  |G  |SyG|AGN|X  |IR ,NeII|NeIII|NeV,10544
NGC  4725,SIMBAD,192.6107053818968,25.5007604473309,Sy2,0.004033,z,IR |G  |*  |G  |Sy2|AGN|X  |GiC|G  |GiG,NeII|NeIII|NeV,10547
NGC  7172,SIMBAD,330.5079041666667,-31.869888888888887,Sy2,0.008626482176169015,v,Sy2|Sy2|Sy2|G  |Rad|G  |GiG|Sy2|AGN|X  |*  |IR |gam,NeII|NeIII|NeV,10549
NGC  6814,SIMBAD,295.6691072105952,-10.3236394816384,Sy1,0.0052269334749937,v,HI |AGN|SyG|Sy1|G  |Rad|QSO|Sy1|V* |AGN|IR |X  |HII|gam|G  ,NeII|NeIII|NeV,10550
Mrk  705,SIMBAD,141.5136250809504,12.7343686157942,Sy1,0.02878,z,Rad|AGN|BiC|Sy1|G  |QSO|QSO|Sy1|AGN|UV |IR |X  |gam|G  ,NeII|NeIII|NeV,10587
ESO 263-13,SIMBAD,152.4507840065105,-42.8112606387645,Sy2,0.032859,z,Sy2|G  |Sy2|AGN|G  |X  |gam|GiG,NeII,10603
NGC  3998,SIMBAD,179.4838889837552,55.4535905140233,SyG,0.003646,z,AGN|SyG|Bz?|X  |Sy1|G  |G  |Sy1|*  |G  |QSO|AGN|IR |Rad|X  |LIN|G  |GiP|gam|GiG,NeII|NeIII|NeV,10606
NGC  4941,SIMBAD,196.0546056183333,-5.5515983873698005,Sy2,0.003703,z,X  |Sy2|G  |Sy2|AGN|*  |IR |X  |gam|G  |GiG,NeII|NeIII|NeV,10620
NGC  4395,SIMBAD,186.4535996475928,33.546859634452304,Sy2,0.00106,z,Sy2|AGN|G  |AGN|Sy2|G  |AGN|Sy1|Sy1|AGN|HII|X  |gam|G  |GiC|HI |GiG,NeII|NeIII|NeV,10628
3C 459,NED,349.1466355982446,4.0884147063029,Sy2,0.22,z,*  |QSO|Sy2|AGN|IR |Rad|G  ,NeII|NeIII|NeV,10636
LEDA   68751,SIMBAD,335.95708333333334,-2.1036111111111118,Sy1,0.056392,z,cm |G  |Sy2|G  |Sy1|QSO|Sy1|AGN|X  |IR |Rad|gam,NeII|NeIII|NeV,10637
NGC  6300,SIMBAD,259.2478041666667,-62.82055000000001,Sy2,0.003683326859806213,v,Sy2|Sy2|Sy2|G  |Sy2|AGN|X  |IR |gam|IG |Rad|G  |GiG,NeII|NeIII|NeV,10639
ESO 103-35,SIMBAD,279.5846696065592,-65.4275396867997,Sy2,0.013249,z,Sy2|Sy2|Sy2|*  |G  |Sy2|Sy1|AGN|X  |IR |gam|G  |GiG,NeII|NeIII|NeV,10640
Mrk   79,SIMBAD,115.6367553242261,49.8096633006204,Sy1,0.02229642441273394,v,Rad|AGN|AGN|Sy1|Sy1|G  |QSO|Sy1|AGN|IR |X  |G  ,NeII|NeIII|NeV,10653
Mrk  573,SIMBAD,25.99073485606,2.3498681867626,Sy2,0.017285,z,*  |G  |Sy2|EmO|LSB|AGN|X  |IR |G  |GiC,NeII|NeIII|NeV,10654
NGC  5548,SIMBAD,214.4980837888033,25.1368333966341,Sy1,0.01627,z,AGN|AGN|SyG|Sy1|Sy1|EmG|G  |G  |GiC|Sy1|V* |AGN|UV |IR |X  |gam|G  |GiG,NeII|NeIII|NeV,10667
IC  486,SIMBAD,120.0874194189128,26.6135093606618,Sy2,0.02674,z,G  |AGN|X  |Sy1|AG?|Sy2|rG |G  |Sy1|AGN|IR |X  |Rad|G  ,NeII|NeIII|NeV,10699
IC 2560,SIMBAD,154.0779486406406,-33.5638089530317,Sy2,0.009795045606168395,v,gam|Sy2|HI |AGN|IR |*  |G  |Rad|HII|G  |GiG|GiG,NeII|NeIII|NeV,10742
NGC   424,SIMBAD,17.8651560261304,-38.0834455833058,Sy2,0.011840233370742137,v,Rad|HI |G  |Sy1|G  |G  |Sy2|EmO|AGN|*  |X  |IR |gam,NeII|NeIII|NeV,10755
LEDA   89032,SIMBAD,281.7612150381194,-78.5304461359843,Sy1,0.07411794195302938,c,G  |X  |IR |QSO|gam|AGN|Sy1|AGN|Sy1|*  |G  ,NeII|NeIII|NeV,10861
NGC  6240,SIMBAD,253.24525416666668,2.400986111111111,Sy2,0.024323,z,G  |LIN|Sy2|G  |AGN|X  |IR |Rad|LIN|gam|G  |IG |Sy2|smm,NeII|NeIII|NeV,10907
NGC   262,SIMBAD,12.196422875,31.95696776527777,Sy2,0.015,z,AGN|Bla|Rad|QSO|Bla|X  |Sy2|Sy2|Sy2|G  |Sy2|AGN|X  |IR |gam|QSO|*  |G  |Rad|GiG,NeII|NeIII|NeV,10922
NGC  7679,SIMBAD,352.19445833333333,3.5113861111111118,Sy2,0.017138523211281054,c,Rad|Sy2|G  |Sy2|GiP|AGN|IR |X  |IG |G  |GrG,NeII|NeIII|NeV,10952
NGC  7592,SIMBAD,349.59166666666664,-4.4158333333333335,Sy2,0.02441,z,AGN|G  |Sy2|IR |IG |GiG,NeV,11029
IC 5298,SIMBAD,349.0028153379812,25.5566892053951,Sy2,0.027352,z,HI |*  |G  |Sy2|EmG|AGN|IR |G  |GiG,NeV,11038
NGC  4507,SIMBAD,188.9026366709269,-39.9093505162632,Sy2,0.011907072576889943,v,Rad|HI |Sy2|Sy2|G  |Sy2|AGN|X  |IR |GiC|gam|G  |GiG,NeII|NeIII|NeV,11075
NGC  4477,SIMBAD,187.50905,13.636441666666666,Sy2,0.00449,z,Rad|G  |G  |G  |Sy2|AGN|IR |X  |GiC|G  |GiG,NeII|NeIII|NeV,11076
UGC  6728,SIMBAD,176.3164335657769,79.6814940224447,Sy1,0.06725871940524653,v,AGN|IR |Sy1|G  |QSO|Sy1|AGN|X  |G  ,NeII|NeIII|NeV,11077
NGC  7319,SIMBAD,339.015009,33.975882,Sy2,0.022822645680251163,v,Sy2|G  |Sy2|AGN|X  |IR |IG |G  |GiG,NeIII|NeV,11078
ESO   5-4,SIMBAD,91.4238375,-86.63195,Sy2,0.006224665721651146,v,AGN|Sy2|Sy2|G  |X  |IR |Rad|G  |Sy2,NeII|NeIII|NeV,11121
NGC  6951,SIMBAD,309.3088256008072,66.1055772298021,Sy2,0.00475,z,G  |*  |G  |Sy2|AGN|IR |G  |Rad|X  ,NeII|NeIII|NeV,11469
NGC  1142,SIMBAD,43.800955,-0.183547,Sy2,0.028847,z,Sy2|rG |G  |Sy2|AGN|X  |IR |GiP|IG |G  |smm,NeII|NeIII|NeV,11683
ESO 253-3,SIMBAD,81.32524166666667,-46.00593333333333,Sy2,0.042489,z,G  |Sy2|AGN|IR |G  ,NeII|NeIII|NeV,11685
Mrk 1073,SIMBAD,48.755858333333336,42.03566388888888,Sy2,0.02347290537909396,c,G  |QSO|Sy2|rG |AGN|IR |Rad|GiC|G  |GiG,NeII|NeIII|NeV,11800
M 106,SIMBAD,184.7400833333333,47.30371944444444,Sy2,0.001541,z,X  |Sy2|Sy2|G  |Sy2|G  |LIN|Mas|AGN|X  |Rad|LIN|G  |IG |GiG,NeII|NeIII|NeV,11895
NGC  5252,SIMBAD,204.5661298132338,4.5426460843641,Sy2,0.02294,z,X  |Sy2|Sy2|Sy1|AG?|G  |G  |Sy2|EmG|AGN|AGN|gam|G  |X  |GiG,NeII,11914
ESO 339-11,SIMBAD,299.40634166666666,-37.935725,Sy2,0.01938785921716968,v,G  |G  |Sy2|AGN|IR |Rad|G  |GiG,NeV,11918
UGC 12282,SIMBAD,344.7303458333333,40.93221388888888,Sy1,0.017129,z,X  |Sy2|Sy1|G  |Sy1|AGN|IR |G  |GiG,NeII|NeIII|NeV,11919
LEDA   90196,SIMBAD,225.633231602047,14.3597016754245,Sy2,0.1622,z,GiG|AGN|Rad|G  |*  |rG |QSO|Sy2|IR |G  ,NeII|NeIII|NeV,11940
NGC  4945,SIMBAD,196.3636625,-49.4679,Sy2,0.0017968563040435814,v,cm |G  |AGN|Sy2|Sy2|Sy2|AGN|X  |Rad|IR |gam|G  |GiG,NeII|NeIII|NeV,11941
NGC  3976,SIMBAD,178.988625736528,6.7492745689882,Sy2,0.00898,z,HI |X  |G  |G  |G  |*  |G  |Sy2|AGN|G  ,NeII|NeIII|NeV,11962
NGC  5273,SIMBAD,205.53494166666667,35.6542388888889,Sy1,0.00342,z,Sy1|Sy2|G  |Sy1|GiP|AGN|X  |Rad|IR |G  ,NeII|NeIII|NeV,11963
NGC  5899,SIMBAD,228.76355,42.04985277777778,Sy2,0.008799420831327252,c,GiP|X  |Sy2|X  |BiC|Sy2|Sy2|G  |G  |Sy2|G  |AGN|IR |LIN|G  ,NeII|NeIII|NeV,11965
NGC  4939,SIMBAD,196.0597006759372,-10.3395323561726,Sy2,0.010382035536063317,v,HI |X  |G  |Sy2|Sy1|EmG|Sy2|AGN|IR |*  |gam|G  |X  ,NeII|NeIII|NeV,11966
NGC    34,SIMBAD,2.77755,-12.107869444444445,Sy2,0.02,z,X  |G  |G  |Rad|G  |Sy2|AGN|*  |IR |IG ,NeII|NeIII|NeV,12024
NGC  7674,SIMBAD,351.9862394813429,8.7789550773722,Sy2,0.029446778875956925,v,G  |GiG|*  |G  |G  |Sy2|AGN|X  |IR |Rad|IG ,NeII|NeIII|NeV,12025
UGC  5101,SIMBAD,143.964996,61.353147,Sy1,0.03939,z,smm|Rad|X  |Sy1|Sy1|X  |Sy1|X  |LIN|LIN|rG |G  |G  |SyG|AGN|IR ,NeII|NeIII|NeV,12026
UGC  7064,SIMBAD,181.1805136825358,31.1772668395098,Sy2,0.025,z,Sy2|Sy1|AG?|AGN|rG |G  |Sy1|GiG|Q? |AGN|IR |Rad|X  |GrG|EmG|G  ,NeII|NeIII,12029
NGC  7469,SIMBAD,345.81530833333335,8.873688888888887,Sy1,0.01587765093143204,c,G  |AGN|Sy1|Sy1|Sy1|G  |QSO|Sy1|GiP|V* |AGN|IR |Rad|X  |gam|smm|IG ,NeII|NeIII|NeV,12030
MCG-02-08-039,SIMBAD,45.1276072066705,-11.4158378553478,Sy2,0.029947,z,IR |G  |AGN|G  |*  |Sy2|Rad|X  ,NeII|NeIII|NeV,12102
ESO 417-6,SIMBAD,44.08970833333333,-32.185602777777774,Sy2,0.016381,z,X  |Sy2|G  |G  |Sy2|AGN|IR |*  ,NeII|NeIII|NeV,12120
NGC  1194,SIMBAD,45.954624,-1.10375,Sy2,0.01355,z,X  |G  |Sy2|Sy1|G  |Sy1|AGN|IR |G  ,NeII|NeIII|NeV,12121
Mrk    3,SIMBAD,93.90190833333332,71.03756666666666,Sy2,0.013,z,Sy2|Sy2|Sy2|G  |Sy2|AGN|IR |X  |Rad|gam|AGN|G  ,NeII|NeIII|NeV,12124
IC 4553,SIMBAD,233.73843316666665,23.50322455555555,SyG,0.0184,z,AGN|LIN|G  |G  |gam|G  |G  |SyG|GiP|AGN|Rad|IR |X  |IG |smm|GiG,NeII|NeIII|NeV,12182
IC 5063,SIMBAD,313.00970416666667,-57.068777777777775,Sy2,0.011274,z,HI |cm |AGN|Sy2|G  |Bla|Sy2|AGN|X  |Rad|IR |gam|G  |PaG,NeII|NeIII|NeV,12183
3C 196,SIMBAD,123.40023370833332,48.21739888055556,Sy1,0.87,z,QSO|QSO|Rad|QSO|QSO|QSO|QSO|Rad|Sy1|IR |G  |QSO|Rad|X  ,NeII|NeIII|NeV,12322
NGC  1808,SIMBAD,76.92642916666667,-37.51305000000001,Sy2,0.0033425615360702654,v,HI |G  |EmG|Sy2|AGN|Rad|IR |X  |G  |HII|smm|GiG,NeII|NeIII|NeV,12417
ESO 113-45,SIMBAD,20.9406793297661,-58.8057810084562,Sy1,0.048174990836348686,v,IR |Sy1|Sy1|G  |Sy1|AGN|X  |gam|G  |QSO|BH?,NeII|NeIII|NeV,12556
NGC  3783,SIMBAD,174.7571232337532,-37.7386134993465,Sy1,0.009755296525549184,v,HI |AGN|Sy1|Sy1|Sy1|GiG|G  |QSO|Sy1|AGN|IR |X  |Rad|G  ,NeII|NeIII|NeV,12557
NGC  7314,SIMBAD,338.9424874752482,-26.0504372295358,Sy1,0.004771007200318866,v,HI |Sy2|Sy2|Sy1|G  |G  |X  |Sy1|AGN|IR |EmG|gam,NeII|NeIII|NeV,12592
ICRF J054236.1+495107,SIMBAD,85.65057457679167,49.85200936808334,Sy1,0.55,z,Rad|Rad|Rad|QSO|Sy1|IR |G  |X  |*  |QSO|smm,NeII|NeIII|NeV,12915
Mrk  352,SIMBAD,14.9720222543123,31.8270145409823,Sy1,0.014917,z,Sy1|G  |QSO|Sy1|AGN|X  |G  |GrG,NeII|NeIII|NeV,12943
3C  22.0,SIMBAD,12.7375,51.20111111111111,Sy1,0.936501,z,QSO|Sy1|AGN|G  |Rad,NeII|NeIII|NeV,13542
LEDA  165618,SIMBAD,201.0828527428741,5.6179807513309,Sy2,0.20281,z,Sy2|Q? |Rad|*  |Sy1|Rad|QSO|Sy1|AGN|IR |X  |gam|G  ,NeII|NeIII|NeV,13637
IRAS 11119+3257,SIMBAD,168.6620433477779,32.6926336264462,Sy1,0.18758,z,G  |Rad|Q? |QSO|QSO|*  |QSO|Sy1|QSO|QSO|Sy1|AGN|IR ,NeII|NeIII|NeV,14485
2MASS J15011320+2329082,SIMBAD,225.3050049154405,23.4856297883676,Sy1,0.25782,z,IR |AGN|X  |QSO|Sy1|IR |Sy1|AGN|Rad|G  ,NeII|NeV,15769
NGC  3367,SIMBAD,161.6456420061153,13.7508567031301,Sy1,0.0099,z,G  |G  |*  |HI |Sy1|G  |SyG|AGN|IR |X  |Rad|G  ,NeV,16933
NGC  4968,SIMBAD,196.7749,-23.677038888888887,Sy2,0.009967,z,X  |Sy2|G  |Rad|Sy2|EmO|AGN|*  |IR |gam|G  |GiG,NeII|NeIII|NeV,17350
NGC   660,SIMBAD,25.759791666666672,13.645680555555558,Sy2,0.002842,z,smm|Sy2|GiP|HI |G  |G  |G  |AGN|IR |Rad|LIN|G  |IG ,NeII|NeIII|NeV,17385
Z  41-20,SIMBAD,180.241384,6.806423,Sy2,0.03599,z,AGN|AGN|Rad|X  |Sy2|AG?|Sy2|Sy2|rG |G  |X  |IR |gam|Sy2|G  ,NeII,17418
M  58,SIMBAD,189.43165416666668,11.818088888888887,SyG,0.00562,z,SyG|HI |G  |G  |G  |G  |AGN|Rad|IR |LIN|X  |GiC|G  |HI |smm|GiG,NeII|NeIII|NeV,17851
NGC  6926,SIMBAD,308.27545,-2.027519444444444,Sy2,0.01984683774169027,v,X  |HI |G  |G  |Sy2|AGN|IR |IG |Rad|G  |GiG,NeV,18258
NGC   973,SIMBAD,38.58375416666667,32.50555833333333,Sy2,0.01673157501513931,c,GiG|Sy2|Sy2|Sy2|G  |G  |gam|AGN|G  |IR |X  ,NeII|NeIII|NeV,18261
NGC  4138,SIMBAD,182.37411666666665,43.685316666666665,Sy1,0.002955,z,G  |Rad|X  |Sy2|G  |G  |Sy1|HI |X  |Sy1|AGN|IR |G  |GiG,NeII|NeIII|NeV,18542
NGC  5395,SIMBAD,209.6581799150005,37.4244965756244,Sy2,0.01158,z,IR |G  |LIN|*  |HI |G  |G  |Sy2|GiP|GrG|AGN|IG |G  |GiG,NeV,18547
NGC  7603,SIMBAD,349.7360571089737,0.2438818382535,Sy1,0.0325,z,AGN|Sy1|Sy1|G  |QSO|QSO|Sy1|EmO|V* |AGN|Rad|X  |IR |G  |GiG|IG ,NeII|NeIII|NeV,18554
NGC  7213,SIMBAD,332.3175444303696,-47.1666894906385,Sy1,0.005868601303795851,v,AGN|Bla|cm |Bla|X  |G  |Sy1|Bz?|QSO|Sy1|V* |AGN|Rad|UV |IR |gam|G  |X  |GiG,NeII|NeIII|NeV,18555
UGC  1395,SIMBAD,28.8417741079664,6.6117834060032,Sy2,0.017249,z,G  |*  |G  |Sy2|EmO|AGN|IR |G  |GrG|GiG,NeII|NeIII|NeV,18557
NGC   863,SIMBAD,33.6398378956147,-0.7667167022724,Sy1,0.02609,z,Sy1|QSO|G  |QSO|Sy1|EmO|V* |AGN|IR |X  |gam|Rad|G  |GiG,NeII|NeIII|NeV,18597
2MASS J08105865+7602424,SIMBAD,122.7444322006414,76.0451248378925,Sy1,0.1,z,AGN|Sy1|Sy1|Sy1|UV |IR |*  |X  |QSO|gam,NeII|NeIII|NeV,18633
ICRF J052109.8+163822,SIMBAD,80.29119136454166,16.63945882411111,Sy1,0.76,z,Rad|*  |Rad|QSO|Sy1|IR |G  |Rad|X  |QSO,NeII|NeIII|NeV,18642
PG 0947+396,NED,147.7015844772391,39.4473510302482,Sy1,0.20553,z,QSO|AGN|X  |AGN|X  |Sy1|QSO|QSO|Sy1|UV |*  |X  |IR |G  |BH?,NeII,18645
ESO 121-28,SIMBAD,95.9398318120679,-60.9789936745236,Sy2,0.04277291779364556,v,IR |gam|AGN|Sy2|G  |X  |Sy2|AGN|G  ,NeII,18662
Ton  182,SIMBAD,211.3175750649053,25.9261435521838,Sy1,0.164,z,G  |Sy1|QSO|Sy1|Q? |UV |IR |Rad|X  |blu|BH?,NeII,18684
2MASX J14510879+2709272,SIMBAD,222.7865207042961,27.1574902376126,Sy1,0.06449,z,AGN|IR |QSO|Sy1|G  |Rad|QSO|Sy1|AGN|UV |X  |G  ,NeII|NeV,18686
NGC  1566,SIMBAD,65.001675003773,-54.9379383622613,Sy1,0.005036491802564491,v,HI |G  |Sy1|GiG|EmG|QSO|Sy1|AGN|Rad|IR |UV |G  |X  ,NeII|NeIII|NeV,18704
Mrk  704,SIMBAD,139.6083221950387,16.3054528297492,Sy1,0.029,z,Sy1|G  |QSO|QSO|Sy1|AGN|X  |IR |gam|AGN|G  |GiG,NeII|NeIII|NeV,18705
7C 1821+6419,SIMBAD,275.48848541666666,64.3433961111111,Sy1,0.297,z,G  |X  |Sy1|AGN|QSO|QSO|QSO|Sy1|G  |UV |IR |X  |Rad|gam,NeII|NeIII|NeV,18728
NGC  4922,SIMBAD,195.3552751210736,29.3138553177969,SyG,0.0234,z,IG |PaG|SyG|X  |AG?|G  |G  |SyG|GiC|GiP|rG |AGN|Rad|IR |EmG,NeII|NeIII|NeV,18839
WISEA J151653.23+190048.3,NED,229.2217853865528,19.0133987239891,Sy1,0.19,z,*  |QSO|Sy1|AGN|IR ,NeII|NeIII|NeV,19112
IC 3639,SIMBAD,190.2201489921401,-36.7558461737346,Sy2,0.011018278109241386,v,HI |*  |G  |Rad|Sy2|AGN|IR |gam|G  ,NeII|NeIII|NeV,19327
Mrk  609,SIMBAD,51.355688,-6.143856,Sy2,0.03441,z,AGN|AGN|X  |Sy1|AG?|Sy2|rG |G  |Sy1|AGN|*  |X  |IR |G  ,NeII|NeIII|NeV,19332
ESO 602-25,SIMBAD,337.85614166666664,-19.034519444444445,SyG,0.02488315921126616,v,EmG|smm|*  |IR |AGN|SyG|G  |G  |Rad|G  ,NeII|NeIII|NeV,19726
NGC  1358,SIMBAD,53.415352202474,-5.0895074963493,Sy2,0.013446,z,G  |Sy2|AGN|IR |*  |X  |G  |gam|GiG,NeII|NeIII|NeV,19753
NGC  3147,SIMBAD,154.22346666666667,73.40065,Sy2,0.009353,z,Sy1|G  |G  |Sy2|AGN|IR |X  |Rad|G  |GiG,NeII|NeIII|NeV,19756
NGC  1056,SIMBAD,40.70119583333334,28.574266666666663,Sy2,0.005221233106985634,v,H2G|G  |G  |Sy2|IR |G  ,NeII|NeIII|NeV,19762
ESO 511-30,SIMBAD,214.8433510861052,-26.6447584564166,Sy1,0.02268065409926745,v,EmG|HI |Sy1|Sy1|G  |Rad|Sy1|AGN|IR |X  |G  |GiG,NeII,19787
SDSS J032845.99+011150.8,SIMBAD,52.191664,1.197451,Sy1,0.14213,z,AGN|Sy1|G  |G  ,NeIII,19864
NGC  5643,SIMBAD,218.16990833333327,-44.17461111111111,Sy2,0.003990048348273101,v,cm |Sy2|G  |Sy2|AGN|IR |X  |Rad|G  ,NeII|NeIII|NeV,20093
SHOC 198,NED,125.00717,50.844203,Sy1,0.2174,z,G  |G  |Sy1|AGN|H2G,NeIII,20224
3C 343.1,SIMBAD,249.61760403833333,62.57897585555556,Sy2,0.75238,z,G  |QSO|Sy2|AGN|G  |Rad,NeII|NeIII|NeV,20558
SBS 1626+554,NED,246.9838017371133,55.3754332245452,Sy1,0.133,z,G  |UV |QSO|Sy1|*  |IR |X  |BH?,NeII|NeIII|NeV,20674
2MASX J08035923+2345201,SIMBAD,120.9966885547767,23.7556682268792,Sy2,0.02938,z,G  |G  |AGN|AG?|G  |Sy2|*  |G  ,NeII|NeIII|NeV,20882
NGC  3660,SIMBAD,170.884496493009,-8.658543244894,Sy2,0.012340286699663583,v,HI |G  |G  |EmG|Sy2|AGN|*  |IR |X  |gam|G  |GrG,NeII|NeIII|NeV,20907
LEDA   24384,SIMBAD,130.1246386680449,47.1195122690472,Sy1,0.04196,z,G  |*  |Sy1|EmO|AGN|blu|H2G|PoG|HII,NeII|NeIII,21104
LEDA 2816291,SIMBAD,27.6182958375771,13.1495566848507,Sy1,0.14671,z,AGN|Sy1|SBG|G  |SBG|*  |G  |G  |IR ,NeIII,21180
WISEA J135356.02+664800.5,NED,208.482926,66.800154,Sy1,0.19827,z,G  |G  |Sy1|AGN,NeIII,21482
SDSS J143417.15+020742.3,SIMBAD,218.57149583070623,2.128455297003056,Sy1,0.18029,z,*  |G  |G  |Sy1|AGN,NeIII,21549
2MASX J22041914+0333511,SIMBAD,331.0798440924829,3.5642383051115,Sy2,0.0611,z,X  |Sy2|G  |Sy2|AGN|IR |G  ,NeII|NeIII|NeV,22145
SWIFT J0624.1-6059,SIMBAD,96.028,-60.998,Sy2,--,nan,X  |Sy2,NeII,23575
WISEA J114540.46-182714.8,NED,176.4186058006974,-18.4541562118497,Sy1,0.03278601491702637,c,X  |Sy1|G  |Rad|QSO|Sy1|AGN|IR |*  |X  |gam|G  ,NeII,24249
Mrk  926,SIMBAD,346.1811555806471,-8.685731201635999,Sy1,0.04702,z,AGN|X  |SyG|Sy1|Sy1|G  |Rad|QSO|Sy1|AGN|IR |*  |X  |G  |gam,NeII|NeIII|NeV,24250
WISEA J000703.61+155423.7,NED,1.7650488789463,15.9065764371629,Sy1,0.11405,z,G  |AGN|X  |Sy1|X  |Sy1|*  |QSO|AGN|IR ,NeII|NeIII|NeV,26684
PG 1048+342,NED,162.9328831307437,33.9907463726494,Sy1,0.16707,z,IR |QSO|AGN|X  |UV |X  |Sy1|QSO|QSO|Sy1|blu|*  |X  |G  ,NeII,26685
LEDA   45656,SIMBAD,197.4458456959985,8.3300597251188,Sy1,0.15434,z,QSO|IR |Sy1|QSO|Sy1|UV |X  |G  |BH?,NeII|NeV,26698
LEDA  101275,SIMBAD,204.3279992174948,24.3842557473181,Sy1,0.108,z,AGN|Sy1|QSO|QSO|Sy1|Rad|UV |IR |X  |gam|G  |GiC,NeII|NeIII|NeV,26701
2MASX J14254352+3345275,SIMBAD,216.4314945524753,33.7575885176878,Sy2,0.0747,z,Sy2|SBG|AGN|G  |*  |IR |EmG|G  ,NeII|NeIII,28360
2MASX J14304627+3513133,SIMBAD,217.6929965678905,35.2204321028132,Sy2,0.0839,z,Sy2|QSO|Sy2|*  |EmG|G  ,NeII|NeIII,28430
2MASX J14305363+3458364,SIMBAD,217.7236161128982,34.9767867525491,Sy2,0.0839,z,Sy2|AGN|Sy2|Sy2|*  |Rad|IR |G  ,NeII,28431
2MASS J16370022+2221140,SIMBAD,249.2508961737653,22.3538846012148,Sy1,0.21082,z,AGN|X  |Sy1|Sy1|AGN|IR ,NeII|NeIII|NeV,29397
2XMM J094046.2+033929,SIMBAD,145.192857,3.658393,Sy2,0.0873,z,G  |X  |G  |Sy2,NeV,30120
2MASS J10520202+5633010,SIMBAD,163.0084714133339,56.5503567715516,Sy2,0.12361,z,AGN|G  |IR |Sy2|*  ,NeII|NeIII,30579
2XMM J094506.4+035552,SIMBAD,146.2766491318405,3.9308719067115,Sy2,0.15591,z,AGN|X  |Sy2,NeV,30977
2MASX J10032788+5541535,SIMBAD,150.8663676137576,55.6983082153243,Sy2,0.146,z,AGN|X  |G  |Sy2,NeV,30980
2XMM J115657.8+550820,SIMBAD,179.241186,55.139334,Sy2,0.0798,z,G  |X  |G  |Sy2,NeV,31365
2MASS J10272497+1219196,SIMBAD,156.8540945523086,12.322166741962,Sy1,0.23087,z,IR |QSO|AGN|X  |QSO|Sy1|QSO|AGN,NeII|NeIII|NeV,31633
[LGE2006] 12,SIMBAD,163.00045833333334,57.406527777777775,Sy1,0.974,z,Sy1|IR |X  |G  |Rad|AGN|smm,NeIII,33900
NGC  5347,SIMBAD,208.3241640246774,33.490830291457,Sy2,0.0079,z,SyG|X  |G  |AGN|G  |Sy2|Sy2|AGN|Rad|IR |gam|G  ,NeII|NeIII|NeV,34207
MCG-03-58-007,SIMBAD,342.4047764258198,-19.2739920777814,Sy2,0.031912,z,G  |Rad|G  |Sy2|AGN|*  |IR |X  ,NeII|NeIII|NeV,34227
2MASX J12390630-1610472,SIMBAD,189.7761710492731,-16.1797854465856,Sy2,0.0367,z,X  |Sy2|Sy2|G  |Sy2|Q? |AGN|Rad|gam|*  |X  |G  |IR ,NeII,34260
IRAS 11215-2806,SIMBAD,171.01145833333334,-28.387641666666667,Sy2,0.01374,z,G  |Rad|Sy2|AGN|IR |G  ,NeII|NeIII|NeV,34300
Mrk  883,SIMBAD,247.47019999999992,24.443736111111114,Sy1,0.03787,z,AGN|AGN|X  |Sy1|G  |Sy1|EmG|AGN|X  |Rad|IR |IG |G  ,NeII|NeIII,34352
IRAS F00183-7111,SIMBAD,5.144583333333332,-70.92416666666666,Sy2,0.326999,z,Sy2|cm |Rad|AGN|IR ,NeII|NeIII|NeV,34560
LEDA   37102,SIMBAD,177.8889726014337,-2.3727482696941,Sy1,0.002979,z,*  |Sy1|EmO|AGN|G  |H2G,NeII|NeIII|NeV,34567
2MASX J00215355-7910077,SIMBAD,5.4731336906444,-79.1688948812063,Sy2,0.072724,z,G  |*  |G  |Sy2|AGN|IR |G  ,NeII|NeIII|NeV,34770
SDSS J120424.54+192509.7,SIMBAD,181.102257620609,19.4193757830329,Sy2,0.16788,z,Sy2|QSO|AGN|IR |Rad|rG |G  |*  |rG |GiC|GiC,NeII|NeIII|NeV,34892
2MASS J10434845+5811477,SIMBAD,160.9519813518812,58.1965699049258,Sy1,0.07317,z,AGN|G  |AGN|IR |Sy1|Sy1|*  ,NeII|NeIII,35629
2XMM J142930.6+425148,SIMBAD,217.378067187989,42.8636342172858,Sy2,0.155,z,G  |X  |Sy2|*  ,NeV,36058
SDSS J161647.32+371621.2,SIMBAD,244.1971246005909,37.2725422211539,Sy2,0.15185,z,G  |AGN|Rad|IR |Sy2|rG ,NeII|NeIII|NeV,36225
IRAS 03450+0055,SIMBAD,56.9174529883519,1.0872352553772,Sy1,0.03,z,AGN|*  |G  |QSO|Sy1|AGN|IR |X  |Em*|UV |AGN|G  ,NeII|NeIII|NeV,36785
WISEA J145331.51+135358.6,NED,223.381306037477,13.8996275566436,Sy1,0.13901,z,Sy1|X  |*  |QSO|AGN|IR ,NeII|NeIII|NeV,36861
3C 265.0,SIMBAD,176.37083333333334,31.56388888888889,Sy1,0.810501,z,QSO|Sy1|AGN|G  |Rad,NeII|NeIII|NeV,36894
LEDA   50824,SIMBAD,213.4513779647267,44.003890407222,Sy1,0.087,z,G  |X  |QSO|Sy1|AGN|UV |IR |blu|*  |gam|AGN,NeII|NeIII|NeV,37240
LEDA 2817285,SIMBAD,322.3725,25.46472222222222,Sy2,0.16410965772722075,v,Mas|AGN|IR |Sy2|G  ,NeII|NeIII|NeV,37386
NGC  6810,SIMBAD,295.8934030395648,-58.6555897678129,Sy2,0.006541,z,Sy2|cm |*  |G  |AGN|IR |Rad|G  |GiG|GiG,NeII|NeIII|NeV,37389
ICRF J090933.4+425346,SIMBAD,137.38957142708335,42.89624499555556,Sy2,0.67002,z,G  |AGN|Sy2|QSO|Bla|X  |Rad|Bz?|*  |Rad|IR |QSO,NeII|NeIII|NeV,37402
ESO 209-12,SIMBAD,120.4915566987818,-49.7784428778994,Sy1,0.040324563468504604,c,Sy1|G  |Sy1|AGN|X  |IR |G  ,NeII,37419
LEDA   17155,SIMBAD,80.2558279993381,-25.3625748163841,Sy2,0.043508411779619616,v,X  |Sy2|G  |Sy2|AGN|IR |G  |gam,NeII|NeIII|NeV,37553
ESO 506-27,SIMBAD,189.7274712906039,-27.3077774605657,Sy2,0.025208180529256108,v,AGN|Sy2|Sy2|Sy2|G  |Rad|Sy2|X  |IR |*  |gam|G  ,NeII,38016
LEDA  178130,SIMBAD,76.4405415600961,-23.8539007376298,Sy2,0.035,z,IR |Sy2|Sy2|Rad|AGN|X  |G  ,NeII,38204
WISEA J183835.40+355220.1,NED,279.64764583333334,35.872152777777785,Sy2,0.11617,z,Mas|Sy2|AGN|IR |G  ,NeII|NeIII|NeV,38436
WISEA J134133.37-002432.1,NED,205.3891,-0.4088888888888889,Sy1,0.0719,z,Rad|G  |G  |AGN|X  |AGN|Sy1|G  ,NeV,38493
3C 343,SIMBAD,248.6408614245833,62.75997083888889,Sy2,0.987997,z,QSO|Sy2|G  |Rad,NeII|NeIII|NeV,38614
LEDA 3095998,SIMBAD,163.3527673894107,57.2086137677832,Sy1,0.07978,z,G  |X  |G  |*  |Sy1|AGN|X  ,NeII,38628
Mrk   22,SIMBAD,147.3762900826565,55.5797144367656,Sy1,0.00539,z,G  |*  |Sy1|AGN|G  |H2G|HII,NeII|NeIII,38637
Mrk 1066,SIMBAD,44.994154294847,36.8205024943507,Sy2,0.012082,z,X  |*  |G  |QSO|Sy2|AGN|IR |Rad|gam|G  ,NeII|NeIII|NeV,38638
2XMM J135315.8+634546,SIMBAD,208.315962823538,63.7626896001696,Sy1,0.086,z,Rad|X  |AGN|G  |QSO|Sy1|AGN|UV |IR |*  |G  |AGN,NeII|NeIII|NeV,39136
2E  2389,SIMBAD,166.0577558101322,76.9828312199283,Sy1,0.3115,z,Rad|Rad|QSO|Sy1|UV |IR |G  |*  |X  |Rad|gam|BH?,NeII|NeV,39137
WISEA J010835.15+214818.5,NED,17.1464650607993,21.8051562956907,Sy1,0.285,z,*  |Sy1|AGN|IR ,NeII|NeIII|NeV,41589
3C 234.0,SIMBAD,150.4563441960831,28.785809264832,Sy1,0.18494,z,X  |Sy1|QSO|Sy1|AGN|IR |Rad|blu|gam|G  ,NeII|NeIII|NeV,41735
WISEA J105144.24+353930.7,NED,162.9343564222205,35.6585320190072,Sy1,0.15879,z,G  |X  |Sy1|AGN|IR |G  |Rad|Sy1,NeII|NeIII|NeV,41915
2MASX J12135486+0247529,SIMBAD,183.4786051850279,2.7980941970465,Sy2,0.07426,z,Rad|G  |X  |X  |G  |*  |G  |Sy2|AGN|G  ,NeV,42045
LEDA   90127,SIMBAD,160.1215181881566,10.8883897348858,Sy1,0.13635,z,Rad|AGN|Sy1|LIN|rG |rG |IR |LIN|G  ,NeII|NeIII|NeV,42459
MCG+00-25-010,SIMBAD,146.0078258984179,-0.6422253856473,Sy1,0.00502,z,EmG|G  |*  |Sy1|GiP|AGN|IR |G  |H2G,NeII|NeIII,42638
UGC 11680,SIMBAD,316.93375,3.875277777777778,Sy2,0.026,z,Sy2|IR |IG |GiP|G  |PaG,NeII,42770
WISEA J222554.26+195836.9,NED,336.4759833333334,19.977016666666668,Sy2,0.147,z,Sy2|AGN|IR |G  ,NeII|NeIII|NeV,42772
ESO 148-2,SIMBAD,348.94488333333334,-59.05442777777778,Sy2,0.045,z,Rad|G? |G  |AGN|Sy2|AGN|IR |X  |G  ,NeII|NeIII|NeV,43648
